id,participant_number,participant_group,age_range,education,consent_timestamp,started_at,completed_at,completed,trust_rating,self_reported_reliance,ai_surprise_strategy,total_cost,optimal_cost,session_id,current_trial_index,current_phase
9c15c515-9e4e-41cc-bd19-e37553382cb9,49,group_1,18-24,Bachelor's (in progress),2026-04-25T20:28:10.991838+00:00,2026-04-25T20:28:10.991838+00:00,,False,,,,,,438587b5-25a2-47cd-9ea8-f37ec72e3dd7,0,quiz
7e7ce15b-29e7-493a-9f20-85edc1471f4d,67,group_1,18-24,Bachelor's (completed),2026-04-26T09:32:06.412745+00:00,2026-04-26T09:32:06.412745+00:00,2026-04-26T09:36:27.069406+00:00,True,4.0,Often,It depended on the case,5000.0,6000.0,4a312e21-0449-483e-8352-25580152b062,18,thank_you
8f448dac-1945-4547-b4f2-4fad4b01cf45,40,group_1,18-24,Bachelor's (completed),2026-04-25T18:25:57.161269+00:00,2026-04-25T18:25:57.161269+00:00,,False,,,,,,96773a0f-830d-48d0-93b8-e028a7ce8818,8,trial
7568ffcf-9e0d-4210-9b5e-ae7352d72820,51,group_3,18-24,Bachelor's (in progress),2026-04-25T20:29:54.790939+00:00,2026-04-25T20:29:54.790939+00:00,2026-04-25T20:59:25.575202+00:00,True,2.0,Often,Stuck with my original judgment,11000.0,6000.0,0b0258b2-0fcc-4aad-910e-272157ce5a74,18,thank_you
88034137-084e-44b9-95ab-3fb9c9191bce,122,group_2,18-24,Bachelor's (in progress),2026-04-27T05:19:31.693581+00:00,2026-04-27T05:19:31.693581+00:00,,False,,,,,,9e3925ed-4df0-491b-9443-733c4654e923,0,quiz
c665ef47-f32b-4080-89b2-b976ceaa1c1e,54,group_3,18-24,Bachelor's (in progress),2026-04-25T21:07:51.467637+00:00,2026-04-25T21:07:51.467637+00:00,2026-04-25T21:12:38.387472+00:00,True,4.0,Sometimes,It depended on the case,24000.0,6000.0,6b5e1b75-5c14-4dee-a305-d262341b7b75,18,thank_you
6cccdb7f-e462-42fb-aa71-a917575b5279,42,group_3,,,2026-04-25T18:48:01.310272+00:00,2026-04-25T18:48:01.310272+00:00,,False,,,,,,ffa8df40-7142-4cdb-80d6-6705602c3a2a,0,quiz
c4760312-d111-4baa-889c-f93c0d4f2cae,43,group_1,,,2026-04-25T18:52:58.200452+00:00,2026-04-25T18:52:58.200452+00:00,,False,,,,,,3ee0f8e0-5d7f-4d73-bf82-42754d325515,0,demographics
5b22b5f9-0ac2-461a-b3b7-49eab4dc72aa,61,group_1,18-24,Bachelor's (in progress),2026-04-25T23:23:22.088645+00:00,2026-04-25T23:23:22.088645+00:00,2026-04-25T23:31:18.944209+00:00,True,3.0,Sometimes,It depended on the case,34000.0,6000.0,9cf87217-5ebb-40e4-8d95-d471665ea1d2,18,thank_you
1a6e4bfe-349c-4789-b96b-95140605306e,44,group_2,18-24,Bachelor's (in progress),2026-04-25T19:00:20.709081+00:00,2026-04-25T19:00:20.709081+00:00,,False,,,,,,692822f8-a142-468f-8902-c215c68ebfc0,0,glossary
bfb964ef-3fc9-49ed-ac60-028b225a3159,45,group_3,,,2026-04-25T19:04:01.148238+00:00,2026-04-25T19:04:01.148238+00:00,,False,,,,,,f0c36b0e-7ecd-4981-bb29-153d297877d1,0,demographics
af9576b7-dacc-48c8-aac7-36ba4603c1bd,41,group_2,18-24,Bachelor's (in progress),2026-04-25T18:28:01.901438+00:00,2026-04-25T18:28:01.901438+00:00,,False,,,,,,6f046562-f29d-4a7d-8a88-2d39e0b8383d,0,glossary
08646e3b-d31d-4273-a2c6-666de8596593,50,group_2,18-24,Bachelor's (in progress),2026-04-25T20:28:39.68906+00:00,2026-04-25T20:28:39.68906+00:00,2026-04-25T20:52:29.0401+00:00,True,4.0,Often,It depended on the case,19000.0,6000.0,ef80ba8d-b4b6-40b7-846f-153dbef8c3a2,18,thank_you
803cb15d-f800-4152-971b-ed9bec034003,46,group_1,18-24,Bachelor's (in progress),2026-04-25T19:50:39.291294+00:00,2026-04-25T19:50:39.291294+00:00,2026-04-25T20:05:42.745902+00:00,True,3.0,Often,It depended on the case,35000.0,6000.0,19b7e762-ba28-41cb-bd7d-418a6a72649d,18,thank_you
a81a9ab9-dd47-4d00-b52a-1b10e9dd0405,57,group_3,18-24,Bachelor's (in progress),2026-04-25T21:28:50.034395+00:00,2026-04-25T21:28:50.034395+00:00,2026-04-25T21:34:45.26042+00:00,True,5.0,Always,Went with the AI anyway,23000.0,6000.0,2d0615df-b4b5-483b-ad04-921d115db677,18,thank_you
192ba6a6-9146-43a7-9a6f-6b30995d9f7d,47,group_2,18-24,Bachelor's (in progress),2026-04-25T20:22:23.301273+00:00,2026-04-25T20:22:23.301273+00:00,,False,,,,,,694f361f-8ab3-404c-8dc7-a290c1992b09,0,quiz
5f50163b-aaed-49bf-a4cb-ad1d5d8b7dfb,39,group_3,18-24,High school,2026-04-25T18:24:49.302912+00:00,2026-04-25T18:24:49.302912+00:00,2026-04-25T18:30:21.499786+00:00,True,4.0,Often,Went with the AI anyway,8000.0,6000.0,949568f2-837d-4529-8ce5-cfa9ba7184ff,18,thank_you
ef6083e2-0763-48b6-b0de-b04248aff1c0,53,group_2,18-24,Bachelor's (in progress),2026-04-25T21:00:26.636215+00:00,2026-04-25T21:00:26.636215+00:00,2026-04-25T21:06:11.881577+00:00,True,4.0,Often,It depended on the case,24000.0,6000.0,9a05e4fa-6342-4106-813d-c0ae20810ea9,18,thank_you
b58da463-b503-44f4-a239-f210c51992f9,48,group_3,18-24,Bachelor's (in progress),2026-04-25T20:23:25.425266+00:00,2026-04-25T20:23:25.425266+00:00,2026-04-25T20:54:29.83186+00:00,True,1.0,Never,Stuck with my original judgment,14000.0,6000.0,542d45bb-55a1-4058-a5ad-d91027c21d13,18,thank_you
91d8efe7-e72a-44d2-9dd9-aa3fb5af7c5c,56,group_2,18-24,Bachelor's (in progress),2026-04-25T21:18:50.016865+00:00,2026-04-25T21:18:50.016865+00:00,2026-04-25T21:26:13.554434+00:00,True,3.0,Sometimes,It depended on the case,34000.0,6000.0,d25d16c8-c06c-46c5-b2e5-66ba7b4b03f0,18,thank_you
5925e8f3-c741-45d7-aead-cb2ca14dd11c,58,group_1,18-24,Bachelor's (in progress),2026-04-25T21:35:18.399744+00:00,2026-04-25T21:35:18.399744+00:00,2026-04-25T21:42:42.698074+00:00,True,4.0,Sometimes,It depended on the case,29000.0,6000.0,554520d0-35ce-4623-91de-f12e1b354411,18,thank_you
fc34a323-6131-4f14-932a-051f5fdcb6fa,52,group_1,18-24,Bachelor's (in progress),2026-04-25T20:32:02.30485+00:00,2026-04-25T20:32:02.30485+00:00,,False,,,,,,6f027218-dcc6-42b7-b30c-a3823e669774,0,quiz_failed
b12c9aca-dcf2-45af-b043-ca1d2cdc8151,59,group_2,35-44,Master's or higher,2026-04-25T21:53:51.005554+00:00,2026-04-25T21:53:51.005554+00:00,2026-04-25T22:05:40.717714+00:00,True,3.0,Rarely,Stuck with my original judgment,28000.0,6000.0,cdcca0d9-3c6e-49e7-b124-a9aeb904aab7,18,thank_you
618890c1-594d-4f37-8e9b-9e258b7584c1,55,group_1,18-24,Bachelor's (in progress),2026-04-25T21:13:25.953861+00:00,2026-04-25T21:13:25.953861+00:00,2026-04-25T21:17:57.954384+00:00,True,4.0,Often,It depended on the case,28000.0,6000.0,903c9ebc-985a-47b7-949a-fec228c4751e,18,thank_you
7e0dfeb9-d76b-4fbd-b9ce-89e317173c1e,64,group_1,18-24,Bachelor's (completed),2026-04-26T06:32:41.74115+00:00,2026-04-26T06:32:41.74115+00:00,,False,,,,,,05c80c0e-6b95-475e-9420-3b06dc376091,0,glossary
71ebe6d2-cc2a-41d6-8b8b-4fbb50c51ef7,66,group_3,18-24,High school,2026-04-26T09:25:59.69491+00:00,2026-04-26T09:25:59.69491+00:00,2026-04-26T09:30:28.507022+00:00,True,4.0,Often,Went with the AI anyway,19000.0,6000.0,474f6425-b050-449b-a01f-1727c40de9a7,18,thank_you
b3c1dc06-e1fb-455c-8a58-384c4d1470b0,60,group_3,18-24,Bachelor's (in progress),2026-04-25T22:08:00.565544+00:00,2026-04-25T22:08:00.565544+00:00,2026-04-25T22:25:32.681025+00:00,True,4.0,Sometimes,It depended on the case,23000.0,6000.0,772a2c1e-46b4-4771-ab3e-9075aa57db8a,18,thank_you
49f4b008-529c-4352-9f30-9f913e8f3de3,65,group_2,18-24,Bachelor's (in progress),2026-04-26T09:23:08.698143+00:00,2026-04-26T09:23:08.698143+00:00,,False,,,,,,1e378d17-f4a5-4c31-b92b-0c772f9c143a,0,glossary
92f9145b-7970-41e0-bdb6-27b6e3ab7ae6,62,group_2,25-34,Master's or higher,2026-04-25T23:32:34.103772+00:00,2026-04-25T23:32:34.103772+00:00,2026-04-25T23:38:16.250995+00:00,True,2.0,Sometimes,It depended on the case,30000.0,6000.0,575da5a8-a865-47e3-a52f-5ad2461d459e,18,thank_you
5a9394a4-398a-4735-bc1a-0bd53dd537ef,63,group_3,18-24,Master's or higher,2026-04-25T23:38:40.970453+00:00,2026-04-25T23:38:40.970453+00:00,2026-04-25T23:43:59.424999+00:00,True,3.0,Sometimes,It depended on the case,15000.0,6000.0,2ac69749-1e96-4474-83d3-8fc778f39496,18,thank_you
0878e43d-ec30-47cf-812b-f80044f1d592,69,group_3,,,2026-04-26T12:13:47.286895+00:00,2026-04-26T12:13:47.286895+00:00,,False,,,,,,031337e7-f772-4864-8a5e-f4d202d57eee,0,demographics
04d12d6e-cd04-46b2-b19d-a75b0aa8b07c,68,group_2,18-24,Bachelor's (in progress),2026-04-26T11:20:03.564727+00:00,2026-04-26T11:20:03.564727+00:00,,False,,,,,,734cb908-25df-4000-9174-687ce4689148,0,glossary
6fe8646d-56bc-4dd8-bf27-bb2ff2fb98fa,70,group_1,18-24,Bachelor's (in progress),2026-04-26T13:05:28.617309+00:00,2026-04-26T13:05:28.617309+00:00,2026-04-26T13:12:34.006553+00:00,True,4.0,Often,It depended on the case,10000.0,6000.0,db875834-56d5-4785-a106-72684a1ab363,18,thank_you
7953c98e-4821-4d82-8602-8c3585685b79,71,group_2,18-24,Bachelor's (completed),2026-04-26T13:12:57.558333+00:00,2026-04-26T13:12:57.558333+00:00,2026-04-26T13:18:00.363649+00:00,True,3.0,Sometimes,It depended on the case,11000.0,6000.0,68967bbc-0d7c-49ff-b7d3-59cc407895a4,18,thank_you
25f6be37-6348-4ea7-a6d7-34e3d73919b3,72,group_3,18-24,Bachelor's (completed),2026-04-26T13:22:56.736034+00:00,2026-04-26T13:22:56.736034+00:00,2026-04-26T13:29:27.121883+00:00,True,4.0,Often,It depended on the case,6000.0,6000.0,7b5ac226-333a-489d-829e-2a8f9f8d7908,18,thank_you
33b6d11d-c67b-47b8-958d-bf6f99bbe8c2,73,group_1,18-24,Bachelor's (in progress),2026-04-26T14:55:11.311544+00:00,2026-04-26T14:55:11.311544+00:00,,False,,,,,,cb01525b-1916-4b01-b456-7be16e5e206c,0,quiz
389347f1-3eab-49b1-982b-23e2232cb59b,75,group_3,18-24,Bachelor's (in progress),2026-04-26T14:56:48.84292+00:00,2026-04-26T14:56:48.84292+00:00,,False,,,,,,03d4013e-a7db-4967-9ad0-384dcf775cbc,0,glossary
86971c7a-efc2-419b-a8ab-ca69b8efec92,74,group_2,18-24,Bachelor's (in progress),2026-04-26T14:55:14.275859+00:00,2026-04-26T14:55:14.275859+00:00,2026-04-26T15:12:49.232321+00:00,True,3.0,Rarely,It depended on the case,24000.0,6000.0,5c48d1a0-e1fa-49ce-9ac1-c909fa661c45,18,thank_you
60274acc-f75a-4d91-ba1e-9e0ab2446950,85,group_1,18-24,Bachelor's (in progress),2026-04-26T15:18:54.584597+00:00,2026-04-26T15:18:54.584597+00:00,2026-04-26T15:31:15.251917+00:00,True,2.0,Rarely,Stuck with my original judgment,28000.0,6000.0,48ddcfeb-46af-48f7-af5b-3c1b9df615be,18,thank_you
40f91e75-ab98-4998-9fbf-b2220b1d323d,84,group_3,,,2026-04-26T15:17:03.66426+00:00,2026-04-26T15:17:03.66426+00:00,,False,,,,,,388f2a38-3a8f-4619-ae9f-49c529914e42,-2,trial
8d3c4960-ae37-42cd-9aca-f8be7821bf45,190,group_1,,,2026-04-29T11:29:30.414426+00:00,2026-04-29T11:29:30.414426+00:00,,False,,,,,,e13f31e4-ae1e-49c5-bc56-de92b7f54eeb,-2,trial
3abe4c81-7886-430d-a72d-183ed67fef54,99,group_3,25-34,Master's or higher,2026-04-26T16:18:34.178309+00:00,2026-04-26T16:18:34.178309+00:00,2026-04-26T16:23:06.564335+00:00,True,2.0,Rarely,Stuck with my original judgment,15000.0,6000.0,d4bae1c0-b523-472f-b5e0-4223dad6de58,18,thank_you
3ffb7c61-3132-484d-91b6-41d90667b600,102,group_3,18-24,High school,2026-04-26T16:24:11.114024+00:00,2026-04-26T16:24:11.114024+00:00,2026-04-26T16:28:38.644821+00:00,True,5.0,Always,Went with the AI anyway,23000.0,6000.0,7e7e3714-7781-4378-aa96-9a6baa0c1f33,18,thank_you
be673eb0-5e5c-4f31-a6bb-34387c7aa228,79,group_1,,,2026-04-26T15:05:43.069855+00:00,2026-04-26T15:05:43.069855+00:00,,False,,,,,,47a866fd-186f-4126-9e8c-5299dc2734c3,0,glossary
c55328f0-8089-4b14-aa9e-26ae935e58fc,100,group_1,18-24,Bachelor's (in progress),2026-04-26T16:20:52.017533+00:00,2026-04-26T16:20:52.017533+00:00,,False,,,,,,5b3abfb0-521e-4c10-be49-4f63641ef036,7,trial
940e9396-e51c-42b8-98fc-2a82e640a3ac,78,group_3,18-24,Bachelor's (in progress),2026-04-26T15:05:35.428938+00:00,2026-04-26T15:05:35.428938+00:00,,False,,,,,,79d12fb2-ca51-4070-86fb-52d23779c3ba,0,quiz_retry
185a0c25-3024-4ebd-872c-489638c148f0,76,group_1,18-24,Bachelor's (in progress),2026-04-26T15:00:14.337799+00:00,2026-04-26T15:00:14.337799+00:00,2026-04-26T15:07:17.533771+00:00,True,3.0,Sometimes,It depended on the case,16000.0,6000.0,3f8a2cb4-d716-47ad-a22e-657d45e32eba,18,thank_you
51cb9451-6a05-4fd0-8241-088080031fd6,90,group_3,18-24,Bachelor's (completed),2026-04-26T15:30:43.419522+00:00,2026-04-26T15:30:43.419522+00:00,,False,,,,,,42cbc881-ccbd-48e5-866b-0d754d6f1f15,0,practice_intro
a179ee11-f77f-4a6b-9e17-9ee19dd013c2,80,group_2,18-24,High school,2026-04-26T15:08:53.715894+00:00,2026-04-26T15:08:53.715894+00:00,,False,,,,,,01b780f7-f894-4591-86e5-2428a3fd4282,0,quiz
0bf0ef64-2988-41cf-85ea-91ffe86fc3a5,81,group_3,18-24,Bachelor's (in progress),2026-04-26T15:10:43.570912+00:00,2026-04-26T15:10:43.570912+00:00,,False,,,,,,9fe2d7b3-31b7-4c29-b24b-a34c902d3148,0,glossary
7d71f297-acf2-46e3-9397-18f4a4129940,92,group_2,35-44,Master's or higher,2026-04-26T15:38:24.701347+00:00,2026-04-26T15:38:24.701347+00:00,2026-04-26T15:50:30.405312+00:00,True,3.0,Sometimes,Stuck with my original judgment,11000.0,6000.0,0e7f036b-0d35-4144-9881-29e5da6c576e,18,thank_you
07143ca5-555d-42f1-9301-6f6361eb0ffe,87,group_3,18-24,Bachelor's (in progress),2026-04-26T15:20:58.902012+00:00,2026-04-26T15:20:58.902012+00:00,,False,,,,,,49898fb0-7c8d-41c7-944d-9b805b1d6675,0,glossary
d8392591-0189-4a17-8309-da63260f4884,82,group_1,18-24,Bachelor's (in progress),2026-04-26T15:11:17.652503+00:00,2026-04-26T15:11:17.652503+00:00,,False,,,,,,93bad6e9-cb1b-4d43-9669-e5d84258b654,0,glossary
45d280bd-d239-469d-ad88-f3062f487d2f,95,group_2,,,2026-04-26T15:41:48.12967+00:00,2026-04-26T15:41:48.12967+00:00,,False,,,,,,40c28c30-eedc-49f1-9dee-f271854eb36f,0,glossary
d0e295ca-aa8c-4a85-93e1-e19144795ef2,86,group_2,18-24,Bachelor's (in progress),2026-04-26T15:19:17.946915+00:00,2026-04-26T15:19:17.946915+00:00,2026-04-26T15:27:35.826544+00:00,True,4.0,Sometimes,It depended on the case,29000.0,6000.0,1d586613-2fec-43b8-8d5a-41e51e0ec125,18,thank_you
7e2624ce-b6d8-486e-b384-91b50604f4ac,83,group_2,18-24,Bachelor's (completed),2026-04-26T15:15:54.930537+00:00,2026-04-26T15:15:54.930537+00:00,,False,,,,,,05ed2810-ab92-4a1a-8cbb-54bd94fe3fc3,0,glossary
eeca26f1-c018-48f7-b52f-367cc00c4d9a,93,group_3,18-24,Bachelor's (in progress),2026-04-26T15:40:43.040461+00:00,2026-04-26T15:40:43.040461+00:00,,False,,,,,,1f1a9b91-7259-446c-ab6c-bdd0afa1efcc,0,quiz
f70d971f-8983-4abd-8e81-a41c85e34b4d,108,group_3,25-34,Master's or higher,2026-04-26T18:41:56.397465+00:00,2026-04-26T18:41:56.397465+00:00,2026-04-26T18:48:27.90578+00:00,True,3.0,Rarely,Stuck with my original judgment,16000.0,6000.0,dbb12a60-56b7-40b2-8ccd-85fafbc35b10,18,thank_you
0f1ff915-96a8-4035-b23e-601a1d0f62cb,89,group_2,18-24,Bachelor's (in progress),2026-04-26T15:30:14.929092+00:00,2026-04-26T15:30:14.929092+00:00,,False,,,,,,65051dc3-22d8-4b1d-a80f-65ad3ebbac1d,0,quiz
1bcc50df-3da1-4cba-9b07-8804cd409e8d,88,group_1,18-24,Bachelor's (in progress),2026-04-26T15:22:16.644175+00:00,2026-04-26T15:22:16.644175+00:00,,False,,,,,,849decd9-434d-4dfe-a466-5402961568b6,0,quiz
891b5687-0e82-4c63-9f6d-e40d9f46703b,96,group_3,18-24,Bachelor's (in progress),2026-04-26T15:45:57.362581+00:00,2026-04-26T15:45:57.362581+00:00,,False,,,,,,7105aa6f-02ef-4c88-9210-ba9cca878017,0,quiz
2f4bd4bd-f906-46c7-90eb-dd8b7a2aad75,97,group_1,18-24,Master's or higher,2026-04-26T15:51:30.691236+00:00,2026-04-26T15:51:30.691236+00:00,2026-04-26T16:07:12.999036+00:00,True,3.0,Rarely,Stuck with my original judgment,29000.0,6000.0,75de17a6-4a07-491a-b9dd-92d96eb25de1,18,thank_you
aba05733-db88-4d47-b5e2-0ca7b164e12e,91,group_1,18-24,Bachelor's (in progress),2026-04-26T15:32:27.489124+00:00,2026-04-26T15:32:27.489124+00:00,,False,,,,,,2604027b-09b3-496a-b416-0cbd0053d540,4,trial
cff7cf8b-7733-4605-b51d-c4fbcc72750d,98,group_2,18-24,High school,2026-04-26T16:01:14.166247+00:00,2026-04-26T16:01:14.166247+00:00,,False,,,,,,bad3b360-d7fb-4c11-99ca-68f894d1ba01,0,quiz_retry
ed1af710-a678-4f0d-8539-be191c4c41ec,107,group_2,18-24,Bachelor's (in progress),2026-04-26T17:54:42.123634+00:00,2026-04-26T17:54:42.123634+00:00,2026-04-26T18:14:40.440323+00:00,True,4.0,Rarely,It depended on the case,28000.0,6000.0,9da1a025-f34f-47b4-bd5d-22e313e3e66c,18,thank_you
fb945464-d3e8-4a94-b52d-de48961f208c,94,group_1,25-34,Master's or higher,2026-04-26T15:41:13.7941+00:00,2026-04-26T15:41:13.7941+00:00,,False,,,,,,cce85594-83fb-4166-82e7-707ed981fbaf,-2,trial
7bb2592d-9140-42d6-aa1f-02f0ba4e4172,103,group_1,,,2026-04-26T16:25:36.604868+00:00,2026-04-26T16:25:36.604868+00:00,,False,,,,,,2345147d-95f9-42c6-ad9d-425b9bec02f4,0,glossary
ab3f2624-af42-47df-b335-9d77d5b76f71,101,group_2,18-24,Bachelor's (in progress),2026-04-26T16:22:42.126432+00:00,2026-04-26T16:22:42.126432+00:00,,False,,,,,,2af3a10e-ccb5-4dc6-8948-ea34e7dd7beb,0,quiz
c641c79c-ce92-4e71-a097-647f2281d4f1,105,group_3,18-24,High school,2026-04-26T17:30:15.996291+00:00,2026-04-26T17:30:15.996291+00:00,2026-04-26T17:36:25.289255+00:00,True,3.0,Often,It depended on the case,14000.0,6000.0,53fc2adf-2365-435a-b8ea-addbe617cc51,18,thank_you
c8754a61-bc03-4529-9096-0c814b4c2208,106,group_1,25-34,Bachelor's (completed),2026-04-26T17:36:42.235836+00:00,2026-04-26T17:36:42.235836+00:00,2026-04-26T17:41:09.081325+00:00,True,3.0,Sometimes,Went with the AI anyway,11000.0,6000.0,fef9094d-0b66-4443-947d-34cd3b6ff1eb,18,thank_you
f964d3a2-1833-477c-b0a2-a4fe81c2fb0c,104,group_2,18-24,Bachelor's (in progress),2026-04-26T17:15:41.196939+00:00,2026-04-26T17:15:41.196939+00:00,2026-04-26T17:39:07.010735+00:00,True,3.0,Rarely,Stuck with my original judgment,33000.0,6000.0,fcf538e9-3862-4088-b33f-7e54051d5311,18,thank_you
a9611966-ab5a-4b47-b62b-8c7f3cd6279b,109,group_1,18-24,Bachelor's (in progress),2026-04-26T18:49:13.854606+00:00,2026-04-26T18:49:13.854606+00:00,2026-04-26T18:55:19.80779+00:00,True,3.0,Rarely,It depended on the case,14000.0,6000.0,291c4ad4-651b-4d2f-9ce5-c1bef44fcc54,18,thank_you
33167da3-4769-44b4-959c-3b415913803f,110,group_2,18-24,Bachelor's (in progress),2026-04-26T19:01:25.801264+00:00,2026-04-26T19:01:25.801264+00:00,2026-04-26T19:05:51.460198+00:00,True,4.0,Often,Went with the AI anyway,9000.0,6000.0,d1ead6bf-b4a5-4bb5-8b27-5b16cfe9d243,18,thank_you
29bb8944-35e6-4a3f-869b-3f88cca72807,111,group_3,18-24,Bachelor's (in progress),2026-04-26T19:06:27.112686+00:00,2026-04-26T19:06:27.112686+00:00,2026-04-26T19:11:08.068775+00:00,True,3.0,Sometimes,Stuck with my original judgment,15000.0,6000.0,f9e26a75-6877-4288-b375-4269185bd5db,18,thank_you
c484d3f9-9d4f-4063-bc08-907b2338e789,112,group_1,18-24,Bachelor's (in progress),2026-04-26T19:11:24.174755+00:00,2026-04-26T19:11:24.174755+00:00,2026-04-26T19:15:05.128957+00:00,True,4.0,Sometimes,It depended on the case,16000.0,6000.0,88c12e75-2a42-4850-8ae9-494091c8fe9f,18,thank_you
c9f3dcfb-b193-44aa-ae6b-46505288e988,113,group_2,18-24,Bachelor's (in progress),2026-04-26T19:15:17.353099+00:00,2026-04-26T19:15:17.353099+00:00,2026-04-26T19:19:28.602174+00:00,True,4.0,Always,Went with the AI anyway,9000.0,6000.0,bc413d65-3a4f-4a67-a35c-b00c566dd282,18,thank_you
1ecb9e36-d9ec-4f23-baf6-f03f151a2a38,115,group_1,18-24,Bachelor's (in progress),2026-04-26T19:22:11.727941+00:00,2026-04-26T19:22:11.727941+00:00,,False,,,,,,5f694640-d339-453a-9875-d5fb74ca0493,0,practice_intro
4dab2bae-4208-4fc1-ad26-b2994ec33d32,118,group_1,18-24,Bachelor's (in progress),2026-04-26T22:05:04.265114+00:00,2026-04-26T22:05:04.265114+00:00,,False,,,,,,6ddefa16-e133-4644-8dd2-e61bd7b7fd12,0,glossary
76b0a449-48fe-4794-bf44-0cccc5848e53,114,group_3,18-24,Bachelor's (in progress),2026-04-26T19:19:42.110546+00:00,2026-04-26T19:19:42.110546+00:00,2026-04-26T19:23:49.4109+00:00,True,4.0,Often,It depended on the case,8000.0,6000.0,e07bb167-b8ed-4f2e-8899-6141c27f72f6,18,thank_you
8b232a5f-a0f7-4fd4-bf2f-7d7bda229555,123,group_3,,,2026-04-27T05:36:53.234875+00:00,2026-04-27T05:36:53.234875+00:00,2026-04-27T05:49:29.543669+00:00,True,4.0,Sometimes,It depended on the case,29000.0,6000.0,a7c11428-a41a-43c2-b479-4e24e0476fcd,18,thank_you
3acf91f7-acff-41d0-978b-540997498219,116,group_2,25-34,Bachelor's (in progress),2026-04-26T19:28:40.066928+00:00,2026-04-26T19:28:40.066928+00:00,2026-04-26T19:40:12.307495+00:00,True,3.0,Sometimes,It depended on the case,17000.0,6000.0,0efde8c7-0626-4fd5-ba66-c551a4a9ece8,18,thank_you
ac2ed014-7513-442a-a09a-8752e44b6128,156,group_3,25-34,Master's or higher,2026-04-27T17:42:58.110889+00:00,2026-04-27T17:42:58.110889+00:00,2026-04-27T17:46:52.428859+00:00,True,4.0,Often,Went with the AI anyway,13000.0,6000.0,186f2f99-7c61-4605-93d4-5e1f72960eac,18,thank_you
b025b334-5acc-4622-a7ec-a37f31931d53,117,group_3,18-24,Bachelor's (in progress),2026-04-26T20:52:51.472322+00:00,2026-04-26T20:52:51.472322+00:00,2026-04-26T21:38:49.589475+00:00,True,3.0,Rarely,Stuck with my original judgment,33000.0,6000.0,ee35be1c-4dd9-425d-a4ed-5abdfe012648,18,thank_you
6341edae-070c-4be4-8a47-cc7aca67777c,149,group_2,35-44,Master's or higher,2026-04-27T14:04:53.707256+00:00,2026-04-27T14:04:53.707256+00:00,2026-04-27T14:10:42.827133+00:00,True,4.0,Often,Went with the AI anyway,11000.0,6000.0,be0349f4-c131-498c-9dac-4c8979b638f7,18,thank_you
79a163b0-ebb7-4bcd-a0cf-206b2386921d,126,group_3,18-24,Bachelor's (in progress),2026-04-27T07:02:14.201878+00:00,2026-04-27T07:02:14.201878+00:00,,False,,,,,,88fdce1a-2c43-469d-a3d6-48cb9c52a915,0,glossary
514aeef9-a7d6-4f02-a031-cdfcda174733,135,group_3,18-24,Bachelor's (in progress),2026-04-27T08:56:02.930576+00:00,2026-04-27T08:56:02.930576+00:00,,False,,,,,,9313d2bc-1c4e-437c-a0dc-8fc0d102c989,7,trial
497f3af5-6cb0-4b44-bb81-82e26ff4b8a7,128,group_2,18-24,Bachelor's (in progress),2026-04-27T07:56:38.118909+00:00,2026-04-27T07:56:38.118909+00:00,2026-04-27T08:05:50.106867+00:00,True,4.0,Sometimes,It depended on the case,28000.0,6000.0,2d6be626-2d87-486e-ba9b-e2fe30c50b28,18,thank_you
cc4207ea-70e8-42a9-963a-5257211b4fd4,163,group_1,18-24,Bachelor's (in progress),2026-04-27T18:11:56.397498+00:00,2026-04-27T18:11:56.397498+00:00,2026-04-27T18:15:56.781448+00:00,True,4.0,Often,It depended on the case,24000.0,6000.0,13d5f571-1bbc-4a17-a2f7-4d8269131958,18,thank_you
6ad25990-60b9-499b-90e9-5bd61968e25e,143,group_2,25-34,Master's or higher,2026-04-27T10:14:56.277687+00:00,2026-04-27T10:14:56.277687+00:00,2026-04-27T10:20:51.58508+00:00,True,4.0,Often,It depended on the case,28000.0,6000.0,f7833765-ad37-4237-b6b1-0940fbd4a022,18,thank_you
fc79e624-3e87-4e5f-bafc-0dc3078393c6,132,group_3,,,2026-04-27T08:41:55.443597+00:00,2026-04-27T08:41:55.443597+00:00,,False,,,,,,0a581ae6-df06-4660-9bd0-c0948c2e409f,0,demographics
0e5faeff-416c-4890-99a4-c5e927a3686d,130,group_1,25-34,Master's or higher,2026-04-27T08:13:34.264888+00:00,2026-04-27T08:13:34.264888+00:00,,False,,,,,,ed2c4280-4293-4043-b777-d8b21e1d5ecd,0,glossary
d65b4891-8184-47b2-947f-e3dd11fde976,157,group_1,18-24,High school,2026-04-27T17:47:17.013354+00:00,2026-04-27T17:47:17.013354+00:00,2026-04-27T17:51:13.339734+00:00,True,5.0,Often,Went with the AI anyway,18000.0,6000.0,0143cff9-e4cd-4073-854d-1ab2157f5543,18,thank_you
f51c575c-4b65-47b8-ac56-6ef2eabc4e82,137,group_2,18-24,Bachelor's (in progress),2026-04-27T08:56:09.150473+00:00,2026-04-27T08:56:09.150473+00:00,,False,,,,,,a612295e-5da0-467c-8946-0fc9029059bd,3,trial
d9a5aa1b-1b75-4ca3-8593-307969d43201,136,group_1,18-24,Bachelor's (in progress),2026-04-27T08:56:05.354378+00:00,2026-04-27T08:56:05.354378+00:00,,False,,,,,,aecc8ad4-b3a1-4f9a-adff-aa3c9ba8221c,3,trial
b6029113-d267-47fd-a083-246bbcaa980a,147,group_3,35-44,Master's or higher,2026-04-27T12:39:11.463703+00:00,2026-04-27T12:39:11.463703+00:00,2026-04-27T13:22:09.940588+00:00,True,4.0,Often,Went with the AI anyway,13000.0,6000.0,e8be8a35-d466-4183-99d7-96c3adb1c9f7,18,thank_you
eb83fcfa-fb73-4d42-8b51-961c08ff495b,139,group_1,35-44,Master's or higher,2026-04-27T09:31:56.799042+00:00,2026-04-27T09:31:56.799042+00:00,,False,,,,,,cf53f73d-5dc0-425c-872f-1bf94acba393,0,glossary
8fc65813-8888-4d2f-8d60-970e03f7fc08,145,group_1,,,2026-04-27T11:18:48.527928+00:00,2026-04-27T11:18:48.527928+00:00,,False,,,,,,38b33ad0-3475-46c4-9116-121441efac9a,0,quiz
2dfb68a3-02cb-4832-a0cb-0613e06cbb79,124,group_1,18-24,Master's or higher,2026-04-27T06:23:41.921083+00:00,2026-04-27T06:23:41.921083+00:00,2026-04-27T06:29:03.865723+00:00,True,4.0,Often,Went with the AI anyway,9000.0,6000.0,9fe693d4-334b-4696-aa19-b8a59cfa0f5e,18,thank_you
171f4513-9cd4-4bed-a2a2-091342c0f0b7,166,group_1,18-24,Bachelor's (in progress),2026-04-27T18:25:33.508943+00:00,2026-04-27T18:25:33.508943+00:00,2026-04-27T18:28:51.475759+00:00,True,3.0,Often,It depended on the case,14000.0,6000.0,7e4558b6-d3af-473f-b009-2b2a7cc61b24,18,thank_you
e0dbbb79-a1d0-46a9-97bc-f547fda2028f,172,group_1,18-24,Bachelor's (in progress),2026-04-27T19:29:05.179857+00:00,2026-04-27T19:29:05.179857+00:00,2026-04-27T19:34:39.588201+00:00,True,3.0,Sometimes,It depended on the case,13000.0,6000.0,0b4d028e-a284-46c3-9c78-f42591234f22,18,thank_you
a27b4444-9528-4b3c-a072-ea9e31b7754a,141,group_3,18-24,Bachelor's (in progress),2026-04-27T09:56:21.706199+00:00,2026-04-27T09:56:21.706199+00:00,,False,,,,,,85305c34-51d1-4d62-86ea-b082b2ef975f,0,quiz
549af201-9db5-4a7a-8161-0348de878524,174,group_3,18-24,Bachelor's (in progress),2026-04-27T19:37:48.66204+00:00,2026-04-27T19:37:48.66204+00:00,2026-04-27T20:06:29.832769+00:00,True,3.0,Rarely,It depended on the case,14000.0,6000.0,01d0de2c-fb8b-4290-bde1-81f8bec08160,18,thank_you
a1ec9b19-9af5-43ec-9c24-cb0a1823665e,133,group_1,18-24,Bachelor's (completed),2026-04-27T08:42:25.956539+00:00,2026-04-27T08:42:25.956539+00:00,2026-04-27T11:38:43.118214+00:00,True,2.0,Never,Stuck with my original judgment,33000.0,6000.0,dc9b96e4-d3f4-468b-9438-2c0fc8eb7875,18,thank_you
4e955ad8-2dac-4d5b-8359-bc4ec54e7d24,154,group_1,18-24,Master's or higher,2026-04-27T17:00:03.390412+00:00,2026-04-27T17:00:03.390412+00:00,2026-04-27T17:04:10.259083+00:00,True,4.0,Often,Went with the AI anyway,9000.0,6000.0,e94724ca-19c7-47aa-84f9-fa41bcd12e2a,18,thank_you
df6fab4a-12b4-46af-b550-de3103bc2a4a,151,group_1,25-34,Master's or higher,2026-04-27T15:14:52.382796+00:00,2026-04-27T15:14:52.382796+00:00,2026-04-27T15:20:05.089007+00:00,True,4.0,Often,Went with the AI anyway,14000.0,6000.0,2bb5d5f2-eab5-453e-83c8-03aa9b03080c,18,thank_you
331af187-d550-44c0-a432-7c4bf2d1834e,160,group_1,18-24,Bachelor's (in progress),2026-04-27T17:59:23.283381+00:00,2026-04-27T17:59:23.283381+00:00,2026-04-27T18:02:48.537309+00:00,True,4.0,Often,Went with the AI anyway,20000.0,6000.0,2d7adf5d-0ded-413b-8926-3b7ec320d4f7,18,thank_you
a0f593ae-6556-41e1-a27c-83bd8aa5fbdb,161,group_2,18-24,Bachelor's (in progress),2026-04-27T18:03:20.086323+00:00,2026-04-27T18:03:20.086323+00:00,2026-04-27T18:07:10.468374+00:00,True,5.0,Often,Went with the AI anyway,17000.0,6000.0,7d0d9a59-375d-45e2-bf68-2a02776a2a9f,18,thank_you
8b0ed8bd-74ec-4a64-800f-d8770e03c0ee,165,group_3,18-24,Bachelor's (in progress),2026-04-27T18:21:21.91826+00:00,2026-04-27T18:21:21.91826+00:00,2026-04-27T18:25:13.86103+00:00,True,4.0,Often,Went with the AI anyway,24000.0,6000.0,fd6cf2d8-b755-4320-b555-43ff45b27540,18,thank_you
a44edca0-faad-4489-bd9d-658cdc349061,169,group_1,18-24,Master's or higher,2026-04-27T19:11:36.624613+00:00,2026-04-27T19:11:36.624613+00:00,2026-04-27T19:17:37.511572+00:00,True,3.0,Often,It depended on the case,15000.0,6000.0,23062abe-14f6-4ae8-9d8a-2dd4331a5eee,18,thank_you
7b62acc5-89a4-4456-99e1-6cab0b6524e6,176,group_2,18-24,Bachelor's (in progress),2026-04-27T20:19:14.488357+00:00,2026-04-27T20:19:14.488357+00:00,2026-04-27T20:26:00.953234+00:00,True,4.0,Often,It depended on the case,8000.0,6000.0,76f5c668-b247-49f2-ab1f-6d9e2ded3ecf,18,thank_you
efe20e86-c466-492a-9b82-d8f23133587c,178,group_1,18-24,Bachelor's (in progress),2026-04-27T20:34:11.550713+00:00,2026-04-27T20:34:11.550713+00:00,2026-04-27T20:40:35.732056+00:00,True,4.0,Often,It depended on the case,14000.0,6000.0,6a421c59-3805-44ad-9d33-fa1f0f10d83c,18,thank_you
50e98990-ef4c-4ddd-a397-1f96e3a7625d,77,group_2,18-24,Master's or higher,2026-04-26T15:02:46.161332+00:00,2026-04-26T15:02:46.161332+00:00,2026-04-27T22:03:11.010283+00:00,True,4.0,Sometimes,It depended on the case,20000.0,6000.0,ba861733-9066-4731-8e89-2653466d8fd1,18,thank_you
90cc6dcb-4cbd-4e9a-8a9a-15dc07029998,181,group_1,18-24,Bachelor's (in progress),2026-04-28T14:03:01.04718+00:00,2026-04-28T14:03:01.04718+00:00,2026-04-28T14:07:54.493523+00:00,True,3.0,Sometimes,Stuck with my original judgment,19000.0,6000.0,6ee7182a-71a7-4e94-9563-49bbbdd98975,18,thank_you
2d885aaa-350a-460c-a25f-a2cdda5ab8d1,182,group_2,18-24,Bachelor's (in progress),2026-04-28T14:08:10.741108+00:00,2026-04-28T14:08:10.741108+00:00,2026-04-28T14:11:43.391098+00:00,True,4.0,Sometimes,It depended on the case,13000.0,6000.0,6322af67-65b5-4284-a51d-26f81034686c,18,thank_you
165b1c45-a22d-4cf4-9d13-0a350eb17f4a,142,group_1,25-34,Master's or higher,2026-04-27T10:02:56.727359+00:00,2026-04-27T10:02:56.727359+00:00,,False,,,,,,f7a06d92-b111-4a81-a18d-3a051cb011cf,0,quiz
13e4c6b0-70c7-4bc4-9117-41d068cc61b7,125,group_2,18-24,Bachelor's (in progress),2026-04-27T06:44:36.312379+00:00,2026-04-27T06:44:36.312379+00:00,,False,,,,,,7da8d1af-ccd3-418e-a140-735953cae39c,0,glossary
de2582fd-bf65-4120-9217-7e0fb9b4a148,127,group_1,18-24,Bachelor's (in progress),2026-04-27T07:23:46.316043+00:00,2026-04-27T07:23:46.316043+00:00,2026-04-27T08:02:06.5702+00:00,True,5.0,Sometimes,It depended on the case,23000.0,6000.0,b14f5d6d-2142-4f8c-8f0b-3c05ec036883,18,thank_you
797b4863-17de-4adf-a23c-bda119333a92,129,group_3,18-24,Master's or higher,2026-04-27T08:07:59.418422+00:00,2026-04-27T08:07:59.418422+00:00,2026-04-27T08:24:58.550088+00:00,True,4.0,Rarely,It depended on the case,18000.0,6000.0,bc854e80-b5fd-4183-ad1a-b3a2aa7c9cd8,18,thank_you
5ab05454-93a7-4cf0-8261-17cfe16bb436,148,group_1,35-44,Master's or higher,2026-04-27T13:23:08.323207+00:00,2026-04-27T13:23:08.323207+00:00,2026-04-27T13:50:50.898983+00:00,True,4.0,Often,It depended on the case,9000.0,6000.0,b3a36123-7a3b-4923-aa30-c29a37a0960f,18,thank_you
6d767528-958e-4647-85fa-9e1373802f6e,164,group_2,18-24,Bachelor's (in progress),2026-04-27T18:17:23.968389+00:00,2026-04-27T18:17:23.968389+00:00,2026-04-27T18:21:06.282218+00:00,True,3.0,Sometimes,It depended on the case,18000.0,6000.0,6cf29fd9-5dac-40f8-9978-e81088725b5c,18,thank_you
b2d5f76c-a669-4f27-b897-d67d6ab7436a,131,group_2,,,2026-04-27T08:31:12.410339+00:00,2026-04-27T08:31:12.410339+00:00,,False,,,,,,53ffc822-6f0f-4e80-86e4-132f6e5b16aa,0,quiz
c0510cd2-1b6f-4114-b7ff-5f3d04b11a88,150,group_3,18-24,Bachelor's (in progress),2026-04-27T14:41:09.09601+00:00,2026-04-27T14:41:09.09601+00:00,,False,,,,,,713be8f4-9bfb-4219-b4ae-15b5d79f35c8,0,quiz
84432ad4-2ee7-46b1-b99c-977abc73dd5c,144,group_3,18-24,Bachelor's (completed),2026-04-27T10:52:10.999634+00:00,2026-04-27T10:52:10.999634+00:00,,False,,,,,,2af9931b-760c-4221-b5b5-f2159a330876,-1,practice_feedback
086cd83d-7554-4b44-b82f-2b6852c57cc2,168,group_3,25-34,Master's or higher,2026-04-27T18:32:57.603982+00:00,2026-04-27T18:32:57.603982+00:00,2026-04-27T18:36:41.166043+00:00,True,3.0,Sometimes,Stuck with my original judgment,13000.0,6000.0,56b3c855-2115-4477-b863-d1696dafc854,18,thank_you
5bce58c9-ae20-4ff8-b7e4-f8be5635ba9f,134,group_2,18-24,Bachelor's (in progress),2026-04-27T08:45:50.912961+00:00,2026-04-27T08:45:50.912961+00:00,2026-04-27T09:01:59.296019+00:00,True,5.0,Never,It depended on the case,28000.0,6000.0,28bd5a0d-60a1-4a9c-be62-4369edd4b0e5,18,thank_you
9a4a1820-d02c-4055-a430-9c650252b607,159,group_3,18-24,Bachelor's (in progress),2026-04-27T17:55:33.322475+00:00,2026-04-27T17:55:33.322475+00:00,2026-04-27T17:59:06.43286+00:00,True,4.0,Often,Went with the AI anyway,14000.0,6000.0,f1d5bfa5-dfc3-4ded-a6da-15451d07b8b8,18,thank_you
0809766c-1688-432f-a170-b4724056ab0b,121,group_1,18-24,Master's or higher,2026-04-26T23:06:17.46205+00:00,2026-04-26T23:06:17.46205+00:00,2026-04-26T23:11:35.707527+00:00,True,4.0,Often,Went with the AI anyway,9000.0,6000.0,574f8acb-c847-4c77-9894-9d6933e31f50,18,thank_you
319666fd-af6a-47ea-97b8-8d31ab4d4499,120,group_3,18-24,Master's or higher,2026-04-26T23:01:14.288168+00:00,2026-04-26T23:01:14.288168+00:00,2026-04-26T23:05:41.349428+00:00,True,4.0,Rarely,It depended on the case,9000.0,6000.0,1d1b5fb8-a3e4-49b7-95e0-f1dc34194a47,18,thank_you
0bc0c741-bd71-48c0-94a3-d674e6a3e82a,158,group_2,18-24,Bachelor's (in progress),2026-04-27T17:51:29.37837+00:00,2026-04-27T17:51:29.37837+00:00,2026-04-27T17:55:20.629753+00:00,True,4.0,Often,Went with the AI anyway,20000.0,6000.0,9edb5d40-533c-477d-8364-3e3a23b15d7d,18,thank_you
614af4f1-d2d2-4698-97b0-3aafe917ece9,119,group_2,18-24,Bachelor's (completed),2026-04-26T22:56:27.687109+00:00,2026-04-26T22:56:27.687109+00:00,2026-04-26T23:00:57.155532+00:00,True,5.0,Rarely,Stuck with my original judgment,14000.0,6000.0,baefac59-861f-49d5-be90-2e2b47045d4d,18,thank_you
a170c580-77c1-44de-994d-0ea312198bdc,138,group_3,18-24,Bachelor's (completed),2026-04-27T08:58:22.836688+00:00,2026-04-27T08:58:22.836688+00:00,2026-04-27T09:09:14.678456+00:00,True,4.0,Sometimes,It depended on the case,30000.0,6000.0,7befef6e-f4dc-4698-8c19-f0792fa6af94,18,thank_you
6f72bec3-c951-46ef-bf7e-60c451495f34,146,group_2,18-24,Master's or higher,2026-04-27T12:34:17.532527+00:00,2026-04-27T12:34:17.532527+00:00,2026-04-27T12:38:30.000578+00:00,True,,Often,It depended on the case,23000.0,6000.0,f56845a6-363b-4a57-87e9-399d5fae0290,18,thank_you
94fbbbeb-106a-4248-b0f8-d92f8bb37824,140,group_2,18-24,Bachelor's (in progress),2026-04-27T09:44:36.702996+00:00,2026-04-27T09:44:36.702996+00:00,,False,,,,,,854f5376-149e-47a3-9cb4-20bf5d466247,0,quiz
b79d9139-a23f-4a79-97da-d2bec16520ef,173,group_2,18-24,Bachelor's (in progress),2026-04-27T19:35:20.423183+00:00,2026-04-27T19:35:20.423183+00:00,2026-04-27T19:46:03.166028+00:00,True,3.0,Sometimes,It depended on the case,24000.0,6000.0,aadd550b-54b3-436c-a43d-e0971eca2d2c,18,thank_you
e7381441-4d44-42e3-a0e6-2a97b01f3c79,155,group_2,25-34,Master's or higher,2026-04-27T17:32:58.648312+00:00,2026-04-27T17:32:58.648312+00:00,2026-04-27T17:42:29.343784+00:00,True,4.0,Often,Went with the AI anyway,9000.0,6000.0,6fc9ae11-999d-4cea-bd2a-83b2f4ee41bf,18,thank_you
d36bcc4d-049b-4dda-aa82-04210e3c4cbf,167,group_2,25-34,Master's or higher,2026-04-27T18:29:27.122529+00:00,2026-04-27T18:29:27.122529+00:00,2026-04-27T18:32:38.09431+00:00,True,2.0,Sometimes,Stuck with my original judgment,21000.0,6000.0,b9f901e4-b9e4-45ac-8e6b-349ddb3d5a8a,18,thank_you
de297195-d743-48e0-a0f3-eb7e37e3da4d,162,group_3,18-24,Bachelor's (in progress),2026-04-27T18:07:26.509413+00:00,2026-04-27T18:07:26.509413+00:00,2026-04-27T18:11:36.442222+00:00,True,4.0,Often,It depended on the case,20000.0,6000.0,9cd3dc10-ebba-4437-9d0f-c5297cf7de9d,18,thank_you
7e0e0ba7-0a0e-4340-86fd-11fe31400d58,152,group_2,25-34,Master's or higher,2026-04-27T15:20:24.780099+00:00,2026-04-27T15:20:24.780099+00:00,2026-04-27T15:24:30.891645+00:00,True,4.0,Often,Went with the AI anyway,10000.0,6000.0,3665dfe0-4dad-41b7-b8f8-c359c8c05fd9,18,thank_you
a3d42a2e-1c46-4ba2-8ce4-18abb631b125,153,group_3,18-24,Bachelor's (in progress),2026-04-27T15:20:36.025253+00:00,2026-04-27T15:20:36.025253+00:00,,False,,,,,,3df37537-dde2-4987-be66-328d75298d98,0,quiz
dfdeb76c-2eb0-4cbe-8bf0-144a1cec2009,170,group_2,18-24,Bachelor's (in progress),2026-04-27T19:17:51.821503+00:00,2026-04-27T19:17:51.821503+00:00,2026-04-27T19:22:32.272308+00:00,True,3.0,Often,It depended on the case,9000.0,6000.0,67504347-9020-4d05-9d60-bf8ec3ded032,18,thank_you
8c76fba5-fcd7-4226-b2ce-978854065a4b,177,group_3,18-24,Bachelor's (in progress),2026-04-27T20:26:23.602743+00:00,2026-04-27T20:26:23.602743+00:00,2026-04-27T20:33:33.913816+00:00,True,4.0,Often,It depended on the case,14000.0,6000.0,1fa1004c-eaa4-4840-bae9-ea17eeacde34,18,thank_you
e28bef67-b5d5-4f87-a389-60c9790fa0e7,171,group_3,18-24,Bachelor's (in progress),2026-04-27T19:23:08.029369+00:00,2026-04-27T19:23:08.029369+00:00,2026-04-27T19:28:29.081707+00:00,True,3.0,Often,It depended on the case,24000.0,6000.0,1b40331b-464b-4f0b-9953-5e158c8f1e6a,18,thank_you
00c545f8-0e07-4d7b-8f66-6f4e60096d6d,175,group_1,18-24,Bachelor's (in progress),2026-04-27T19:47:53.020064+00:00,2026-04-27T19:47:53.020064+00:00,,False,,,,,,cf05c8cd-0e8f-4ed5-bb96-f350980fe647,0,quiz
878dfa2a-963f-40a4-8a93-8f99ef152d7b,179,group_2,18-24,Bachelor's (in progress),2026-04-27T20:40:49.510823+00:00,2026-04-27T20:40:49.510823+00:00,2026-04-27T20:45:57.221964+00:00,True,4.0,Often,It depended on the case,14000.0,6000.0,0a559100-4d60-4d72-92f8-48e517b7c55f,18,thank_you
59f562b7-b635-4d47-b33a-96773a951ab0,180,group_3,35-44,Master's or higher,2026-04-28T06:02:16.522192+00:00,2026-04-28T06:02:16.522192+00:00,2026-04-28T06:39:48.717522+00:00,True,3.0,Rarely,Stuck with my original judgment,23000.0,6000.0,0048cab0-ba5c-45c3-be89-12218e6c2c99,18,thank_you
e0d97759-24c9-4f5a-8425-6b1454de0a76,184,group_1,18-24,Bachelor's (in progress),2026-04-28T14:18:21.138888+00:00,2026-04-28T14:18:21.138888+00:00,2026-04-28T14:21:50.984525+00:00,True,3.0,Sometimes,Stuck with my original judgment,15000.0,6000.0,ffec7b32-2003-4837-a66d-ce6983187ca5,18,thank_you
2224fa95-8663-4e2f-90a2-4e9efc0250ae,183,group_3,18-24,Bachelor's (in progress),2026-04-28T14:11:55.89196+00:00,2026-04-28T14:11:55.89196+00:00,2026-04-28T14:15:41.342841+00:00,True,4.0,Sometimes,Went with the AI anyway,29000.0,6000.0,488a4924-957c-45a9-986d-d659533fb5c9,18,thank_you
4e18b937-0d42-4d27-93e9-6111216f15ca,185,group_2,18-24,Bachelor's (in progress),2026-04-28T15:59:19.274149+00:00,2026-04-28T15:59:19.274149+00:00,2026-04-28T16:11:46.48345+00:00,True,4.0,Rarely,It depended on the case,13000.0,6000.0,14cf572f-8513-4f3c-a459-a9bf3d465a91,18,thank_you
4e1d51ed-1707-4998-920d-1061250781c9,186,group_3,18-24,Master's or higher,2026-04-28T17:22:10.981656+00:00,2026-04-28T17:22:10.981656+00:00,2026-04-28T17:37:47.276458+00:00,True,5.0,Always,Went with the AI anyway,18000.0,6000.0,a652bc6b-1970-42fd-811d-79dd0d413e7c,18,thank_you
7e481d9a-72bd-4bfb-bba9-7b26a06572cf,187,group_1,,,2026-04-29T04:11:57.83902+00:00,2026-04-29T04:11:57.83902+00:00,,False,,,,,,d6357dff-ea62-45d9-b2ce-32c162c72fa0,0,quiz
249205d5-2f1f-4551-af12-3b3b0b1872fe,191,group_2,25-34,Bachelor's (completed),2026-04-29T12:13:43.966992+00:00,2026-04-29T12:13:43.966992+00:00,2026-04-29T13:08:54.200891+00:00,True,2.0,Never,Stuck with my original judgment,28000.0,6000.0,b5117f34-d6f9-4150-ac4c-5c0c13af2315,18,thank_you
41228131-4a58-4cf4-a7f1-cc61799aa770,188,group_2,25-34,Master's or higher,2026-04-29T09:40:09.707627+00:00,2026-04-29T09:40:09.707627+00:00,2026-04-29T10:39:32.557766+00:00,True,3.0,Never,Stuck with my original judgment,19000.0,6000.0,d0da9bcd-3aa8-4e1d-8ef2-ab0fd109ab4c,18,thank_you
b7cbf7b0-3ef3-400d-9d90-7afaa2cf1be8,189,group_3,18-24,Bachelor's (in progress),2026-04-29T10:35:12.950765+00:00,2026-04-29T10:35:12.950765+00:00,,False,,,,,,cb4a0404-295b-49b5-ad8f-4442dcda6237,1,block_intro
3e534300-d94c-4868-90b3-05fc94e693ce,193,group_1,18-24,Bachelor's (in progress),2026-04-29T20:28:13.580934+00:00,2026-04-29T20:28:13.580934+00:00,2026-04-29T20:36:12.684484+00:00,True,4.0,Often,Went with the AI anyway,19000.0,6000.0,81171ea8-d9ad-4f2b-8899-39a56ba5e99a,18,thank_you
024c1263-22a0-43eb-adae-db5a3fbd8cdf,196,group_1,18-24,Bachelor's (in progress),2026-04-29T20:42:52.961665+00:00,2026-04-29T20:42:52.961665+00:00,2026-04-29T20:48:24.899282+00:00,True,3.0,Sometimes,It depended on the case,28000.0,6000.0,ba384c8c-5af8-4fe9-b0a6-b056bda4171a,18,thank_you
c82d5424-d47c-4d15-b563-d06fed701969,194,group_2,,,2026-04-29T20:36:09.766374+00:00,2026-04-29T20:36:09.766374+00:00,2026-04-29T20:44:40.676638+00:00,True,4.0,Often,It depended on the case,29000.0,6000.0,a71e0429-de5b-4fad-8aff-5970ad0f65ec,18,thank_you
acb4fb9a-43d2-4dd7-9207-04a99b9e9793,195,group_3,18-24,Bachelor's (completed),2026-04-29T20:36:33.937886+00:00,2026-04-29T20:36:33.937886+00:00,2026-04-29T20:42:03.017706+00:00,True,4.0,Often,Went with the AI anyway,23000.0,6000.0,fd43f578-0839-438d-b203-0ecdc7e6b0ac,18,thank_you
cc3443b6-ef48-4025-a108-740b2c015d97,192,group_3,18-24,Bachelor's (in progress),2026-04-29T20:27:50.640266+00:00,2026-04-29T20:27:50.640266+00:00,2026-04-29T20:35:44.350147+00:00,True,4.0,Often,It depended on the case,29000.0,6000.0,b1759d3b-30b7-4c47-9765-e719849c0bb4,18,thank_you
