id,participant_id,attempt,question_id,selected_answer,is_correct,created_at
fa5a0b20-42bd-4728-b943-a44274823f76,5f50163b-aaed-49bf-a4cb-ad1d5d8b7dfb,1,1,B,True,2026-04-25T18:25:14.299219+00:00
cef311a0-f420-4ebe-8365-d9d3a7457f9f,5f50163b-aaed-49bf-a4cb-ad1d5d8b7dfb,1,2,B,True,2026-04-25T18:25:14.517811+00:00
f71de859-688c-494c-affa-2f6e2aea28ab,5f50163b-aaed-49bf-a4cb-ad1d5d8b7dfb,1,3,C,True,2026-04-25T18:25:14.722184+00:00
0fa72151-be59-4714-bd9e-c03ab179505d,8f448dac-1945-4547-b4f2-4fad4b01cf45,1,1,B,True,2026-04-25T18:27:38.854212+00:00
151f62d5-587e-4582-b9e8-dbf99202d61d,8f448dac-1945-4547-b4f2-4fad4b01cf45,1,2,B,True,2026-04-25T18:27:39.04684+00:00
7f5f40e4-6e22-4e32-918c-7221c4390c8a,8f448dac-1945-4547-b4f2-4fad4b01cf45,1,3,C,True,2026-04-25T18:27:39.252365+00:00
8f2b64b7-7223-4a0f-b1e5-4966acdd2bd0,803cb15d-f800-4152-971b-ed9bec034003,1,1,B,True,2026-04-25T19:54:12.398189+00:00
aa9d5ba9-30e6-428f-b572-652a26496697,803cb15d-f800-4152-971b-ed9bec034003,1,2,C,False,2026-04-25T19:54:12.611716+00:00
793396f3-5e30-4a79-8c8e-ff8e1ff5b32b,803cb15d-f800-4152-971b-ed9bec034003,1,3,C,True,2026-04-25T19:54:12.827712+00:00
19fafe88-c36a-4b1f-b7ad-c77ac40a69d4,b58da463-b503-44f4-a239-f210c51992f9,1,1,B,True,2026-04-25T20:28:42.348916+00:00
97631fe5-7736-4e22-92b5-9a9f813aa7e7,b58da463-b503-44f4-a239-f210c51992f9,1,2,D,False,2026-04-25T20:28:42.565323+00:00
c8bdefb1-f64a-4af3-b62f-578f51ec1233,b58da463-b503-44f4-a239-f210c51992f9,1,3,A,False,2026-04-25T20:28:42.791577+00:00
a2ed7061-4d05-40c9-a2e8-417639433932,08646e3b-d31d-4273-a2c6-666de8596593,1,1,B,True,2026-04-25T20:29:12.416986+00:00
894e2950-6ac5-42c7-95dd-f90dd33e94cd,08646e3b-d31d-4273-a2c6-666de8596593,1,2,B,True,2026-04-25T20:29:12.620646+00:00
ff898ec8-aea5-46f3-a291-ba2fcad45435,08646e3b-d31d-4273-a2c6-666de8596593,1,3,C,True,2026-04-25T20:29:12.819982+00:00
7f7d31c3-d967-401e-986e-c4d7a15cb152,b58da463-b503-44f4-a239-f210c51992f9,2,1,B,True,2026-04-25T20:30:38.744841+00:00
96a0ea9f-9de5-48a3-b55c-86c0bfb6ca91,b58da463-b503-44f4-a239-f210c51992f9,2,2,B,True,2026-04-25T20:30:38.946181+00:00
3997bbf1-b049-4c8d-861c-77cc44b4041c,b58da463-b503-44f4-a239-f210c51992f9,2,3,C,True,2026-04-25T20:30:39.152561+00:00
7fe23dbc-2907-4db5-9c0f-57f5f9d268e3,7568ffcf-9e0d-4210-9b5e-ae7352d72820,1,1,B,True,2026-04-25T20:32:20.523154+00:00
c7acfd10-24e3-42be-b09d-7cff37bbff91,7568ffcf-9e0d-4210-9b5e-ae7352d72820,1,2,B,True,2026-04-25T20:32:20.728943+00:00
a28a7db7-d90b-48bb-a994-03970b2ea9e2,7568ffcf-9e0d-4210-9b5e-ae7352d72820,1,3,B,False,2026-04-25T20:32:20.93081+00:00
f28dd2fa-e1c3-426f-8fc1-6fabdbf70a0b,fc34a323-6131-4f14-932a-051f5fdcb6fa,1,1,D,False,2026-04-25T20:35:51.406536+00:00
6a50bb7e-77fc-4631-8fe0-666a55cee283,fc34a323-6131-4f14-932a-051f5fdcb6fa,1,2,C,False,2026-04-25T20:35:51.634813+00:00
152a8160-6840-4811-a9b5-a0b32d1bd3d1,fc34a323-6131-4f14-932a-051f5fdcb6fa,1,3,A,False,2026-04-25T20:35:51.846228+00:00
091372eb-2a7c-44fb-83b9-c091ec78957e,fc34a323-6131-4f14-932a-051f5fdcb6fa,2,1,B,True,2026-04-25T20:36:19.683458+00:00
9da81b9e-d127-4d53-931a-afc63035154a,fc34a323-6131-4f14-932a-051f5fdcb6fa,2,2,C,False,2026-04-25T20:36:19.887372+00:00
44b738c6-8cfd-4082-b274-b366a8a90734,fc34a323-6131-4f14-932a-051f5fdcb6fa,2,3,D,False,2026-04-25T20:36:20.087679+00:00
95824d80-37b1-49ba-9476-8a6d1a5d186f,ef6083e2-0763-48b6-b0de-b04248aff1c0,1,1,B,True,2026-04-25T21:01:29.950061+00:00
a6ed2c28-6068-462d-8440-bf37561e5986,ef6083e2-0763-48b6-b0de-b04248aff1c0,1,2,B,True,2026-04-25T21:01:30.190008+00:00
2a5dd08d-9885-495d-ac2f-f3688d252722,ef6083e2-0763-48b6-b0de-b04248aff1c0,1,3,C,True,2026-04-25T21:01:30.461441+00:00
fbbbfaaf-df2e-4c78-810e-e25d1a55a7d6,c665ef47-f32b-4080-89b2-b976ceaa1c1e,1,1,B,True,2026-04-25T21:08:13.878287+00:00
3795ef4b-b765-44f3-be69-58515239f397,c665ef47-f32b-4080-89b2-b976ceaa1c1e,1,2,B,True,2026-04-25T21:08:14.114283+00:00
7a2436a7-83e6-48df-8b4f-0cc00d43889e,c665ef47-f32b-4080-89b2-b976ceaa1c1e,1,3,C,True,2026-04-25T21:08:14.322655+00:00
f408c4de-5411-46b6-8d74-3fed3572ae54,618890c1-594d-4f37-8e9b-9e258b7584c1,1,1,B,True,2026-04-25T21:13:42.990683+00:00
25b5a911-b66c-43e3-8e36-ce0ff5166210,618890c1-594d-4f37-8e9b-9e258b7584c1,1,2,A,False,2026-04-25T21:13:43.205656+00:00
53a90413-b521-4366-982f-2a6673d66d8a,618890c1-594d-4f37-8e9b-9e258b7584c1,1,3,A,False,2026-04-25T21:13:43.421814+00:00
f2184c73-8a03-4cdb-a5e4-29ff327e57c0,618890c1-594d-4f37-8e9b-9e258b7584c1,2,1,B,True,2026-04-25T21:13:49.302988+00:00
c547586a-0bd6-4858-a5aa-f5cfc1d3bf8c,618890c1-594d-4f37-8e9b-9e258b7584c1,2,2,B,True,2026-04-25T21:13:49.519741+00:00
dd7ad178-c1d0-4ab7-ac98-0e1d984f7b57,618890c1-594d-4f37-8e9b-9e258b7584c1,2,3,C,True,2026-04-25T21:13:49.735819+00:00
34562dbe-a78c-4d24-a95e-946ec55d3cdf,91d8efe7-e72a-44d2-9dd9-aa3fb5af7c5c,1,1,B,True,2026-04-25T21:19:16.479829+00:00
aed8f3ce-4815-4c4b-b826-52f1bcdb6fdb,91d8efe7-e72a-44d2-9dd9-aa3fb5af7c5c,1,2,B,True,2026-04-25T21:19:16.698171+00:00
e9ba074a-2214-4574-b3c0-68a6c8acb7f2,91d8efe7-e72a-44d2-9dd9-aa3fb5af7c5c,1,3,B,False,2026-04-25T21:19:16.914371+00:00
ed739d7b-68f3-4870-ae62-e381efc94dae,a81a9ab9-dd47-4d00-b52a-1b10e9dd0405,1,1,B,True,2026-04-25T21:29:11.657732+00:00
6e122998-3b09-4dd0-b507-8e806e336e74,a81a9ab9-dd47-4d00-b52a-1b10e9dd0405,1,2,B,True,2026-04-25T21:29:11.888877+00:00
eae8104b-27ab-4f6b-a3a9-7cdb2ef04dac,a81a9ab9-dd47-4d00-b52a-1b10e9dd0405,1,3,C,True,2026-04-25T21:29:12.117697+00:00
d62a0f4f-1736-4391-a2f8-8a4edb43b690,5925e8f3-c741-45d7-aead-cb2ca14dd11c,1,1,B,True,2026-04-25T21:35:47.065658+00:00
1fd4c336-22b0-49f8-8316-fa7a5e7a5e27,5925e8f3-c741-45d7-aead-cb2ca14dd11c,1,2,A,False,2026-04-25T21:35:47.276519+00:00
5392a813-ee8b-4707-9ce9-dcaf424d4b6a,5925e8f3-c741-45d7-aead-cb2ca14dd11c,1,3,A,False,2026-04-25T21:35:47.481745+00:00
3ca053a1-09d0-4aa0-a01d-0ded6dcbe998,5925e8f3-c741-45d7-aead-cb2ca14dd11c,2,1,B,True,2026-04-25T21:35:53.459849+00:00
4f6e90ba-48f0-4ce1-bba5-118279239fb0,5925e8f3-c741-45d7-aead-cb2ca14dd11c,2,2,B,True,2026-04-25T21:35:53.695156+00:00
5b03900e-8d12-4ecc-8b86-314edd9a4d32,5925e8f3-c741-45d7-aead-cb2ca14dd11c,2,3,C,True,2026-04-25T21:35:53.927679+00:00
eb0fbf59-6a2e-4808-aa1c-7e04124ba9df,b12c9aca-dcf2-45af-b043-ca1d2cdc8151,1,1,B,True,2026-04-25T21:56:10.395989+00:00
bf4bab85-96b9-4a6d-ad13-7a1b2d2ea612,b12c9aca-dcf2-45af-b043-ca1d2cdc8151,1,2,B,True,2026-04-25T21:56:10.630069+00:00
04ff62a0-366c-44b9-b25e-2066e73c38dc,b12c9aca-dcf2-45af-b043-ca1d2cdc8151,1,3,C,True,2026-04-25T21:56:10.849847+00:00
00f3e960-a8a9-4818-8738-f33c74080f6c,b3c1dc06-e1fb-455c-8a58-384c4d1470b0,1,1,B,True,2026-04-25T22:10:10.828327+00:00
24d32b28-6f71-4e6a-8ef1-1ddefe7514b5,b3c1dc06-e1fb-455c-8a58-384c4d1470b0,1,2,B,True,2026-04-25T22:10:11.041307+00:00
825e42f2-475a-482f-aab4-a2836224f54c,b3c1dc06-e1fb-455c-8a58-384c4d1470b0,1,3,C,True,2026-04-25T22:10:11.259849+00:00
021a05ad-23d1-419e-b346-27f32bf2af7e,5b22b5f9-0ac2-461a-b3b7-49eab4dc72aa,1,1,B,True,2026-04-25T23:23:50.631388+00:00
25a64067-fff1-4f96-8a06-3ef1da1ea52a,5b22b5f9-0ac2-461a-b3b7-49eab4dc72aa,1,2,B,True,2026-04-25T23:23:50.864157+00:00
c79e15ff-c86e-4036-baee-b69c1842e9fe,5b22b5f9-0ac2-461a-b3b7-49eab4dc72aa,1,3,C,True,2026-04-25T23:23:51.083448+00:00
d7225483-e394-48fb-a2d1-6313d0b02603,92f9145b-7970-41e0-bdb6-27b6e3ab7ae6,1,1,B,True,2026-04-25T23:32:55.100728+00:00
7af02c81-80c8-43e5-8b34-d34d2618d415,92f9145b-7970-41e0-bdb6-27b6e3ab7ae6,1,2,B,True,2026-04-25T23:32:55.858206+00:00
f37e4f8f-1470-41bb-9056-0de7f6d0c21d,92f9145b-7970-41e0-bdb6-27b6e3ab7ae6,1,3,C,True,2026-04-25T23:32:56.820805+00:00
1aeebad0-e155-4097-82ec-d24627d684fa,5a9394a4-398a-4735-bc1a-0bd53dd537ef,1,1,B,True,2026-04-25T23:38:58.584085+00:00
5fe6af24-adc5-40c6-93df-bed487db6631,5a9394a4-398a-4735-bc1a-0bd53dd537ef,1,2,B,True,2026-04-25T23:38:58.811772+00:00
b656aebe-3f15-4b36-b38d-48b0d75d75d4,5a9394a4-398a-4735-bc1a-0bd53dd537ef,1,3,C,True,2026-04-25T23:38:59.02626+00:00
286ee0b0-6758-470e-bed8-8bb5b3c566a7,71ebe6d2-cc2a-41d6-8b8b-4fbb50c51ef7,1,1,B,True,2026-04-26T09:26:23.095253+00:00
159a7e88-5630-498f-a4d6-460d65999db6,71ebe6d2-cc2a-41d6-8b8b-4fbb50c51ef7,1,2,B,True,2026-04-26T09:26:23.31139+00:00
1a8a5062-d6f4-44fb-ab25-06c5be0104ab,71ebe6d2-cc2a-41d6-8b8b-4fbb50c51ef7,1,3,C,True,2026-04-26T09:26:23.519102+00:00
939ac091-0f07-4681-b6ef-e4baf6d7de84,7e7ce15b-29e7-493a-9f20-85edc1471f4d,1,1,B,True,2026-04-26T09:32:29.50961+00:00
e45c0b39-0985-435a-98c7-b1e8401cd347,7e7ce15b-29e7-493a-9f20-85edc1471f4d,1,2,B,True,2026-04-26T09:32:29.855235+00:00
dca11f66-b427-4ac1-9ad3-51baa8cc94c1,7e7ce15b-29e7-493a-9f20-85edc1471f4d,1,3,C,True,2026-04-26T09:32:30.070063+00:00
b4439f9d-cddc-4f3f-bb07-858293680163,6fe8646d-56bc-4dd8-bf27-bb2ff2fb98fa,1,1,B,True,2026-04-26T13:05:51.603791+00:00
59fdf11b-714c-41ee-87dc-927ac322d36b,6fe8646d-56bc-4dd8-bf27-bb2ff2fb98fa,1,2,B,True,2026-04-26T13:05:52.493323+00:00
ae0c4714-adca-40c6-9633-7e69f41feac8,6fe8646d-56bc-4dd8-bf27-bb2ff2fb98fa,1,3,C,True,2026-04-26T13:05:52.797874+00:00
e42e4675-e5b0-42e6-9298-b6eb87cee483,7953c98e-4821-4d82-8602-8c3585685b79,1,1,B,True,2026-04-26T13:13:18.580553+00:00
e50b2c3b-d477-4dbd-a06a-b5cb4431a81a,7953c98e-4821-4d82-8602-8c3585685b79,1,2,B,True,2026-04-26T13:13:18.805976+00:00
eeec78bf-4afe-40ec-b84a-bcb301fc249f,7953c98e-4821-4d82-8602-8c3585685b79,1,3,C,True,2026-04-26T13:13:19.026637+00:00
2870dc59-0a54-47bd-815a-da9f030ab0a6,25f6be37-6348-4ea7-a6d7-34e3d73919b3,1,1,B,True,2026-04-26T13:23:27.96934+00:00
076b10a9-ea4d-401a-8bfe-10efab98b0dc,25f6be37-6348-4ea7-a6d7-34e3d73919b3,1,2,B,True,2026-04-26T13:23:28.187274+00:00
e5812267-707a-452f-b929-1f77f83747ec,25f6be37-6348-4ea7-a6d7-34e3d73919b3,1,3,C,True,2026-04-26T13:23:28.398644+00:00
aee4a86b-c8d1-4508-bd65-8063bcd09d78,86971c7a-efc2-419b-a8ab-ca69b8efec92,1,1,B,True,2026-04-26T14:58:15.509154+00:00
a3566298-2dcc-4926-8e7b-d80efaeee135,86971c7a-efc2-419b-a8ab-ca69b8efec92,1,2,A,False,2026-04-26T14:58:15.724391+00:00
7b3569da-76c0-46a2-bd5b-d340ffad5ee7,86971c7a-efc2-419b-a8ab-ca69b8efec92,1,3,B,False,2026-04-26T14:58:15.930326+00:00
9adc16ec-9d47-4cb4-b0b0-af63c10f05ed,86971c7a-efc2-419b-a8ab-ca69b8efec92,2,1,B,True,2026-04-26T14:59:21.372775+00:00
703d37cd-c45d-44c5-80ff-cd969c11d334,86971c7a-efc2-419b-a8ab-ca69b8efec92,2,2,B,True,2026-04-26T14:59:21.752485+00:00
ccf172cf-5886-4b3e-af5f-d96480b062be,86971c7a-efc2-419b-a8ab-ca69b8efec92,2,3,C,True,2026-04-26T14:59:21.96776+00:00
ddb3ba45-6f92-4a95-bc7d-21e12fad91db,185a0c25-3024-4ebd-872c-489638c148f0,1,1,B,True,2026-04-26T15:01:11.501022+00:00
e731605a-650b-43e0-a154-95376b6383e8,185a0c25-3024-4ebd-872c-489638c148f0,1,2,B,True,2026-04-26T15:01:11.71582+00:00
e3ab2abb-f843-4e30-a0d4-50b37cf03732,185a0c25-3024-4ebd-872c-489638c148f0,1,3,C,True,2026-04-26T15:01:11.920094+00:00
e9293444-54f1-42a4-9557-b350946ca435,940e9396-e51c-42b8-98fc-2a82e640a3ac,1,1,B,True,2026-04-26T15:06:53.657791+00:00
66151bc6-c068-40d1-aaf1-ef209b7f5c53,940e9396-e51c-42b8-98fc-2a82e640a3ac,1,2,C,False,2026-04-26T15:06:53.86859+00:00
574a92bf-c450-4efe-b6c7-ca60ac9f8b96,940e9396-e51c-42b8-98fc-2a82e640a3ac,1,3,B,False,2026-04-26T15:06:54.077183+00:00
26efb063-12f7-4b83-a792-2833ff20a698,40f91e75-ab98-4998-9fbf-b2220b1d323d,1,1,B,True,2026-04-26T15:18:14.289305+00:00
e7c6b091-2481-42fa-9e2a-28188c6713fc,40f91e75-ab98-4998-9fbf-b2220b1d323d,1,2,D,False,2026-04-26T15:18:14.484733+00:00
3d108a5e-d7bc-40e9-95b2-122af609d99c,40f91e75-ab98-4998-9fbf-b2220b1d323d,1,3,A,False,2026-04-26T15:18:14.682074+00:00
fbf27573-e498-494c-80f8-519f5d6aaa86,40f91e75-ab98-4998-9fbf-b2220b1d323d,2,1,B,True,2026-04-26T15:18:49.807064+00:00
87bffc2e-382e-408a-9f12-284b46509274,40f91e75-ab98-4998-9fbf-b2220b1d323d,2,2,D,False,2026-04-26T15:18:50.023986+00:00
143bc173-640a-472d-b1fe-6aed7e2d56bc,40f91e75-ab98-4998-9fbf-b2220b1d323d,2,3,A,False,2026-04-26T15:18:50.233798+00:00
75b26a7e-e56c-4332-b72e-7d6951a82dad,d0e295ca-aa8c-4a85-93e1-e19144795ef2,1,1,D,False,2026-04-26T15:20:16.604736+00:00
1097f133-2f8b-4410-a1ed-35b1f134bd4a,d0e295ca-aa8c-4a85-93e1-e19144795ef2,1,2,B,True,2026-04-26T15:20:16.833877+00:00
6f61ecfd-2131-49af-b8a0-acd139d58e43,d0e295ca-aa8c-4a85-93e1-e19144795ef2,1,3,D,False,2026-04-26T15:20:17.099073+00:00
3aa14178-6ee1-47fb-8087-7e9c0c1d9105,60274acc-f75a-4d91-ba1e-9e0ab2446950,1,1,B,True,2026-04-26T15:20:39.8813+00:00
b95a45f7-fa4c-4012-9e3d-374097e34833,60274acc-f75a-4d91-ba1e-9e0ab2446950,1,2,B,True,2026-04-26T15:20:40.092805+00:00
611c6ee1-8d7d-4b19-8482-89f698764874,60274acc-f75a-4d91-ba1e-9e0ab2446950,1,3,C,True,2026-04-26T15:20:40.300469+00:00
fceaa2b9-a34f-4f1e-a8ee-b1c375ed85ea,d0e295ca-aa8c-4a85-93e1-e19144795ef2,2,1,C,False,2026-04-26T15:20:42.598728+00:00
32de51ed-25ed-4c9e-8a2f-880f2725ade6,d0e295ca-aa8c-4a85-93e1-e19144795ef2,2,2,A,False,2026-04-26T15:20:42.810185+00:00
6925d7b8-d89b-4837-81d2-ac8274dbf1b9,d0e295ca-aa8c-4a85-93e1-e19144795ef2,2,3,D,False,2026-04-26T15:20:43.967784+00:00
b93bee75-6fce-4e3a-8dfb-d83e6a10ce59,51cb9451-6a05-4fd0-8241-088080031fd6,1,1,B,True,2026-04-26T15:33:35.020874+00:00
244b7bdb-1249-42fc-b6d8-361b1fabd8af,51cb9451-6a05-4fd0-8241-088080031fd6,1,2,B,True,2026-04-26T15:33:35.230289+00:00
bd84b378-1b03-466e-a640-b3bc0f211376,51cb9451-6a05-4fd0-8241-088080031fd6,1,3,C,True,2026-04-26T15:33:35.457556+00:00
b0f7385d-a232-4242-a78c-3cb32d9dfea3,7d71f297-acf2-46e3-9397-18f4a4129940,1,1,B,True,2026-04-26T15:38:57.702912+00:00
e5a5cded-5c8a-4074-a8c6-248aeee7a446,7d71f297-acf2-46e3-9397-18f4a4129940,1,2,B,True,2026-04-26T15:38:57.910608+00:00
a9f0ba7d-0aa1-457e-ad48-34d0437d7b2c,7d71f297-acf2-46e3-9397-18f4a4129940,1,3,C,True,2026-04-26T15:38:58.133967+00:00
7451cc4c-ee45-46f2-a599-b3a96580b1c1,aba05733-db88-4d47-b5e2-0ca7b164e12e,1,1,B,True,2026-04-26T15:41:54.132363+00:00
7d8742d2-8738-4ad5-82df-c3cd197f6f8f,aba05733-db88-4d47-b5e2-0ca7b164e12e,1,2,B,True,2026-04-26T15:41:54.349505+00:00
70a89db5-5ca4-449f-994b-bf6e8ddfe815,aba05733-db88-4d47-b5e2-0ca7b164e12e,1,3,C,True,2026-04-26T15:41:54.585099+00:00
0cf8c82a-4f6c-418a-b119-7a56480b750d,fb945464-d3e8-4a94-b52d-de48961f208c,1,1,B,True,2026-04-26T15:43:20.726042+00:00
5feb50aa-1ae2-4821-8bb7-cde859e3144e,fb945464-d3e8-4a94-b52d-de48961f208c,1,2,D,False,2026-04-26T15:43:20.94988+00:00
de04e557-fe09-417e-b9a5-da466334bfcf,fb945464-d3e8-4a94-b52d-de48961f208c,1,3,B,False,2026-04-26T15:43:21.158521+00:00
8bdb0108-0598-49bc-a984-b8c56e4a4465,fb945464-d3e8-4a94-b52d-de48961f208c,2,1,B,True,2026-04-26T15:44:09.114822+00:00
4e70b1f4-0a37-4b5c-8be6-119fb7d1276c,fb945464-d3e8-4a94-b52d-de48961f208c,2,2,B,True,2026-04-26T15:44:09.359049+00:00
5ff94bf2-1dad-4010-8ab8-1f4aae2ddc64,fb945464-d3e8-4a94-b52d-de48961f208c,2,3,C,True,2026-04-26T15:44:09.573294+00:00
ef6492cd-96f8-40e8-870a-954976b70c8c,2f4bd4bd-f906-46c7-90eb-dd8b7a2aad75,1,1,B,True,2026-04-26T15:53:12.47153+00:00
abe1624b-1293-48f8-867b-33741316dfa6,2f4bd4bd-f906-46c7-90eb-dd8b7a2aad75,1,2,D,False,2026-04-26T15:53:12.686205+00:00
5da1a52b-dcf0-4962-a0aa-200784fdccca,2f4bd4bd-f906-46c7-90eb-dd8b7a2aad75,1,3,C,True,2026-04-26T15:53:12.925199+00:00
df17a6f7-be30-4144-a5a8-a2d3c35145e0,cff7cf8b-7733-4605-b51d-c4fbcc72750d,1,1,D,False,2026-04-26T16:02:27.941111+00:00
50cf39bd-3679-4e83-859a-333f3b8f69f2,cff7cf8b-7733-4605-b51d-c4fbcc72750d,1,2,D,False,2026-04-26T16:02:28.157538+00:00
2e674dca-16e1-4b67-8c40-8c88260986aa,cff7cf8b-7733-4605-b51d-c4fbcc72750d,1,3,A,False,2026-04-26T16:02:28.389753+00:00
4c12bd40-ad2b-406d-8b1b-2472faf17068,3abe4c81-7886-430d-a72d-183ed67fef54,1,1,B,True,2026-04-26T16:18:54.40489+00:00
ed207502-128f-40ec-8179-d16b77176980,3abe4c81-7886-430d-a72d-183ed67fef54,1,2,B,True,2026-04-26T16:18:54.634475+00:00
b69d07ca-4bb4-4284-8b35-01a8591ad54d,3abe4c81-7886-430d-a72d-183ed67fef54,1,3,C,True,2026-04-26T16:18:54.840942+00:00
74db36db-561a-4583-b204-5256f21ad876,c55328f0-8089-4b14-aa9e-26ae935e58fc,1,1,B,True,2026-04-26T16:22:02.999943+00:00
101bf339-d8d6-4e03-a312-b02ae0e18ae9,c55328f0-8089-4b14-aa9e-26ae935e58fc,1,2,B,True,2026-04-26T16:22:03.240187+00:00
f42f6791-b5e0-4b56-bedf-f4c36b691b52,c55328f0-8089-4b14-aa9e-26ae935e58fc,1,3,D,False,2026-04-26T16:22:03.455463+00:00
3970c11b-981c-48d5-a831-60e9e5a28bc9,3ffb7c61-3132-484d-91b6-41d90667b600,1,1,A,False,2026-04-26T16:24:43.595765+00:00
a68213b7-8002-49df-8d9d-7d88b41909e1,3ffb7c61-3132-484d-91b6-41d90667b600,1,2,B,True,2026-04-26T16:24:43.827546+00:00
c68e8c6b-e52f-4ded-910c-6eaf5109f458,3ffb7c61-3132-484d-91b6-41d90667b600,1,3,C,True,2026-04-26T16:24:44.026594+00:00
92a97d30-81e6-45ff-8ead-0dc9e9144442,f964d3a2-1833-477c-b0a2-a4fe81c2fb0c,1,1,B,True,2026-04-26T17:17:56.961714+00:00
feb7bd8f-2dd8-4370-a647-5d47e9ef5190,f964d3a2-1833-477c-b0a2-a4fe81c2fb0c,1,2,D,False,2026-04-26T17:17:57.226464+00:00
fba420cc-c7d3-428b-94a7-ccd0c4396530,f964d3a2-1833-477c-b0a2-a4fe81c2fb0c,1,3,A,False,2026-04-26T17:17:57.438988+00:00
5a886e5e-d880-4fc7-bb32-a17758268e7b,f964d3a2-1833-477c-b0a2-a4fe81c2fb0c,2,1,B,True,2026-04-26T17:18:52.832317+00:00
e11246aa-d60b-49e1-9c38-2a3b61a335f0,f964d3a2-1833-477c-b0a2-a4fe81c2fb0c,2,2,B,True,2026-04-26T17:18:53.03951+00:00
d87f104f-0127-43b8-8cc9-1bf288ba143d,f964d3a2-1833-477c-b0a2-a4fe81c2fb0c,2,3,C,True,2026-04-26T17:18:53.244453+00:00
59592535-ea81-4ac5-b576-590a45c4c61b,c641c79c-ce92-4e71-a097-647f2281d4f1,1,1,B,True,2026-04-26T17:30:38.220282+00:00
ab21765e-1c58-418f-959f-b2e31bb9fc22,c641c79c-ce92-4e71-a097-647f2281d4f1,1,2,A,False,2026-04-26T17:30:38.432416+00:00
2deb135d-8e2d-4f09-8361-ded1e622afd4,c641c79c-ce92-4e71-a097-647f2281d4f1,1,3,A,False,2026-04-26T17:30:38.642198+00:00
cc3708c1-45ed-4be0-b5af-0a6045fe2476,c641c79c-ce92-4e71-a097-647f2281d4f1,2,1,A,False,2026-04-26T17:30:58.223719+00:00
69b177ae-be2d-4ec4-ac02-bd509d41fd00,c641c79c-ce92-4e71-a097-647f2281d4f1,2,2,B,True,2026-04-26T17:30:58.454191+00:00
13933965-673f-416d-8433-97cab51b862f,c641c79c-ce92-4e71-a097-647f2281d4f1,2,3,C,True,2026-04-26T17:30:58.667962+00:00
b65e6bce-99e7-4e0d-afcb-fae2b091930b,c8754a61-bc03-4529-9096-0c814b4c2208,1,1,C,False,2026-04-26T17:37:02.919718+00:00
7e8baa93-8f4e-4772-86c3-61c9ccdf8569,c8754a61-bc03-4529-9096-0c814b4c2208,1,2,B,True,2026-04-26T17:37:03.148104+00:00
4c8f1754-fc85-40da-a4e7-542cf714c650,c8754a61-bc03-4529-9096-0c814b4c2208,1,3,C,True,2026-04-26T17:37:03.382079+00:00
6b467361-4986-40cf-9150-e5e2a6968df4,ed1af710-a678-4f0d-8539-be191c4c41ec,1,1,B,True,2026-04-26T17:57:26.124114+00:00
3fa57c58-8b8d-4c45-b0d2-fae7360607b5,ed1af710-a678-4f0d-8539-be191c4c41ec,1,2,B,True,2026-04-26T17:57:26.325634+00:00
ee14083e-dac6-4b74-a97f-f51dda2adbc3,ed1af710-a678-4f0d-8539-be191c4c41ec,1,3,C,True,2026-04-26T17:57:26.521056+00:00
2844c57e-4cfe-4947-9c5f-500743d8a725,f70d971f-8983-4abd-8e81-a41c85e34b4d,1,1,B,True,2026-04-26T18:43:06.919333+00:00
cdde6128-625e-4d92-9c4b-343902f09688,f70d971f-8983-4abd-8e81-a41c85e34b4d,1,2,B,True,2026-04-26T18:43:07.265894+00:00
b4f0aaa5-64af-479d-8fd4-e1fc8ee7b8b0,f70d971f-8983-4abd-8e81-a41c85e34b4d,1,3,C,True,2026-04-26T18:43:07.699342+00:00
9adcbf2f-f3bb-459c-9c71-f68a3dd1d44a,a9611966-ab5a-4b47-b62b-8c7f3cd6279b,1,1,B,True,2026-04-26T18:49:40.472288+00:00
b4b63c58-6e83-4cbd-92ee-68356a3a0d4f,a9611966-ab5a-4b47-b62b-8c7f3cd6279b,1,2,B,True,2026-04-26T18:49:40.694211+00:00
7dd522c6-39e0-4536-80de-7e7eadf285f5,a9611966-ab5a-4b47-b62b-8c7f3cd6279b,1,3,C,True,2026-04-26T18:49:40.909407+00:00
bdf56c8d-1954-4a40-bfd5-42e89fc4a4d8,33167da3-4769-44b4-959c-3b415913803f,1,1,B,True,2026-04-26T19:01:54.595867+00:00
86bd7975-3981-40e9-8ce0-e959118fb612,33167da3-4769-44b4-959c-3b415913803f,1,2,B,True,2026-04-26T19:01:54.802885+00:00
e2ae41fa-247a-4c4f-8550-60aa1caffa7f,33167da3-4769-44b4-959c-3b415913803f,1,3,C,True,2026-04-26T19:01:55.007687+00:00
9c385ddf-386d-4c5a-aa7c-ace88b308512,29bb8944-35e6-4a3f-869b-3f88cca72807,1,1,B,True,2026-04-26T19:06:45.873626+00:00
e85e20ee-2104-45b9-ab5e-799892404e7b,29bb8944-35e6-4a3f-869b-3f88cca72807,1,2,B,True,2026-04-26T19:06:46.091338+00:00
e23530d4-89d0-4a26-b31c-2796af184cb7,29bb8944-35e6-4a3f-869b-3f88cca72807,1,3,C,True,2026-04-26T19:06:46.305114+00:00
b1249bf1-4c12-4094-baa3-aa7018024b74,c484d3f9-9d4f-4063-bc08-907b2338e789,1,1,B,True,2026-04-26T19:11:43.226781+00:00
9e374541-055f-4cdf-b6eb-2f543653912a,c484d3f9-9d4f-4063-bc08-907b2338e789,1,2,B,True,2026-04-26T19:11:43.458637+00:00
4f228f00-d022-4263-8cae-d960181b204f,c484d3f9-9d4f-4063-bc08-907b2338e789,1,3,C,True,2026-04-26T19:11:43.684701+00:00
ffee6d39-48e8-4151-ae7a-f427cacd2ef6,c9f3dcfb-b193-44aa-ae6b-46505288e988,1,1,B,True,2026-04-26T19:15:35.125197+00:00
4bdfd97d-7305-4d37-9aca-6767d3c43682,c9f3dcfb-b193-44aa-ae6b-46505288e988,1,2,B,True,2026-04-26T19:15:35.340187+00:00
b09f5919-efd7-4c4d-9754-050bfa87820c,c9f3dcfb-b193-44aa-ae6b-46505288e988,1,3,C,True,2026-04-26T19:15:35.547554+00:00
ba267e55-b008-4dc2-bc84-e01f5e591775,76b0a449-48fe-4794-bf44-0cccc5848e53,1,1,B,True,2026-04-26T19:20:07.023175+00:00
52fdef46-0fa2-4113-9552-ee03dd222ed8,76b0a449-48fe-4794-bf44-0cccc5848e53,1,2,B,True,2026-04-26T19:20:07.223075+00:00
b3970086-3f16-4ae7-9711-673247e12a16,76b0a449-48fe-4794-bf44-0cccc5848e53,1,3,C,True,2026-04-26T19:20:07.43346+00:00
03165f3a-5a72-4463-b2fa-2407ada76d9b,1ecb9e36-d9ec-4f23-baf6-f03f151a2a38,1,1,B,True,2026-04-26T19:23:14.730838+00:00
a6dbb8eb-ef99-4425-b258-eb30af5f4f42,1ecb9e36-d9ec-4f23-baf6-f03f151a2a38,1,2,A,False,2026-04-26T19:23:14.955428+00:00
767682f7-c0d3-4701-835f-6da574ce6568,1ecb9e36-d9ec-4f23-baf6-f03f151a2a38,1,3,C,True,2026-04-26T19:23:15.183612+00:00
15fe4973-ba1b-4db7-9781-04adba520ba4,3acf91f7-acff-41d0-978b-540997498219,1,1,B,True,2026-04-26T19:32:01.142452+00:00
82a90b9a-b76d-4794-b319-6fb948ef0607,3acf91f7-acff-41d0-978b-540997498219,1,2,B,True,2026-04-26T19:32:01.36042+00:00
07a31d5f-5e0b-49d8-a359-0aed1adc1a5d,3acf91f7-acff-41d0-978b-540997498219,1,3,C,True,2026-04-26T19:32:01.565883+00:00
42ce501d-b2a2-4bae-9b43-46f1fb857f47,b025b334-5acc-4622-a7ec-a37f31931d53,1,1,B,True,2026-04-26T20:57:26.250575+00:00
9486ec57-5ea9-47e4-8dd5-109ce00d9b44,b025b334-5acc-4622-a7ec-a37f31931d53,1,2,B,True,2026-04-26T20:57:26.479173+00:00
65d3bcb4-987d-4d30-b3a8-990235c057a2,b025b334-5acc-4622-a7ec-a37f31931d53,1,3,C,True,2026-04-26T20:57:26.700877+00:00
a32326bb-0292-4e83-b7ba-e983f0de104e,614af4f1-d2d2-4698-97b0-3aafe917ece9,1,1,B,True,2026-04-26T22:56:43.451832+00:00
c4e60be1-b542-482e-a62a-d41158eabc81,614af4f1-d2d2-4698-97b0-3aafe917ece9,1,2,B,True,2026-04-26T22:56:43.663102+00:00
4726af1a-3193-48de-ba74-21fa3ae46e9e,614af4f1-d2d2-4698-97b0-3aafe917ece9,1,3,C,True,2026-04-26T22:56:43.874028+00:00
8c20b55b-5145-4ace-8f00-7e3892c408cb,319666fd-af6a-47ea-97b8-8d31ab4d4499,1,1,B,True,2026-04-26T23:01:30.421841+00:00
37aa4cf5-3148-49ff-970d-e0384f315a2e,319666fd-af6a-47ea-97b8-8d31ab4d4499,1,2,B,True,2026-04-26T23:01:30.63453+00:00
5c1a2cda-e850-42ed-8d8b-02788b0c4a13,319666fd-af6a-47ea-97b8-8d31ab4d4499,1,3,C,True,2026-04-26T23:01:30.84329+00:00
894b4566-94d6-413c-b832-2584981f3c41,0809766c-1688-432f-a170-b4724056ab0b,1,1,B,True,2026-04-26T23:06:35.93009+00:00
72a45ff0-cad8-424e-b161-41557b4cf04c,0809766c-1688-432f-a170-b4724056ab0b,1,2,B,True,2026-04-26T23:06:36.141682+00:00
e6bf3654-fe53-478f-9cec-e6e65e199d42,0809766c-1688-432f-a170-b4724056ab0b,1,3,C,True,2026-04-26T23:06:36.348175+00:00
e22faa48-bf9d-466f-b5ac-c033dbed49c7,8b232a5f-a0f7-4fd4-bf2f-7d7bda229555,1,1,B,True,2026-04-27T05:38:42.387923+00:00
3356e327-834c-4bd1-a147-9b72f10c9c8f,8b232a5f-a0f7-4fd4-bf2f-7d7bda229555,1,2,A,False,2026-04-27T05:38:42.614829+00:00
98af8838-3e09-4427-9425-909f26a54df4,8b232a5f-a0f7-4fd4-bf2f-7d7bda229555,1,3,A,False,2026-04-27T05:38:42.823553+00:00
77f17da0-1909-467d-8c47-c7c9c8aacc73,8b232a5f-a0f7-4fd4-bf2f-7d7bda229555,2,1,B,True,2026-04-27T05:39:02.295634+00:00
19baef7c-fc39-48e5-87ee-2cf3ad4736bd,8b232a5f-a0f7-4fd4-bf2f-7d7bda229555,2,2,B,True,2026-04-27T05:39:02.501562+00:00
45796302-9785-4386-8a2e-aca3ad5eceeb,8b232a5f-a0f7-4fd4-bf2f-7d7bda229555,2,3,C,True,2026-04-27T05:39:02.704603+00:00
5d98a469-c429-434b-88f3-5c3fa8b76530,2dfb68a3-02cb-4832-a0cb-0613e06cbb79,1,1,B,True,2026-04-27T06:25:00.123083+00:00
4e0bab47-f77c-46d1-8b08-5763c3c32675,2dfb68a3-02cb-4832-a0cb-0613e06cbb79,1,2,B,True,2026-04-27T06:25:00.390581+00:00
358177fb-bb02-4c1a-98bc-b69f22247cce,2dfb68a3-02cb-4832-a0cb-0613e06cbb79,1,3,C,True,2026-04-27T06:25:00.589401+00:00
ee729757-ba24-48f9-ab85-757fed0a1e2a,de2582fd-bf65-4120-9217-7e0fb9b4a148,1,1,B,True,2026-04-27T07:46:37.185504+00:00
7981fc2c-f714-4d9a-b585-1de815a895ae,de2582fd-bf65-4120-9217-7e0fb9b4a148,1,2,C,False,2026-04-27T07:46:37.464312+00:00
29d9463d-44bd-4083-b99e-9355c07ec5b8,de2582fd-bf65-4120-9217-7e0fb9b4a148,1,3,B,False,2026-04-27T07:46:37.666995+00:00
c5c07774-8f85-4a18-b3cb-d9bd02781439,de2582fd-bf65-4120-9217-7e0fb9b4a148,2,1,B,True,2026-04-27T07:47:24.6109+00:00
da22bcc1-4b8f-4e46-80aa-64bf582f52d9,de2582fd-bf65-4120-9217-7e0fb9b4a148,2,2,B,True,2026-04-27T07:47:24.827409+00:00
ead6dbee-0aa3-4e19-a906-fa5e0ccd166c,de2582fd-bf65-4120-9217-7e0fb9b4a148,2,3,C,True,2026-04-27T07:47:25.029331+00:00
c36fb21c-0cdf-4432-9bda-7c217969c0fa,497f3af5-6cb0-4b44-bb81-82e26ff4b8a7,1,1,D,False,2026-04-27T07:56:59.355053+00:00
5cd12269-62c3-4829-b790-b7d02fb342c2,497f3af5-6cb0-4b44-bb81-82e26ff4b8a7,1,2,C,False,2026-04-27T07:56:59.565991+00:00
335bef22-d4f3-47f8-87c2-7f7e659b42b8,497f3af5-6cb0-4b44-bb81-82e26ff4b8a7,1,3,B,False,2026-04-27T07:56:59.769111+00:00
7b3e1063-0e81-4991-84cd-dc645f43144b,497f3af5-6cb0-4b44-bb81-82e26ff4b8a7,2,1,D,False,2026-04-27T07:57:37.320049+00:00
90265a19-cb06-41ad-b213-8e14e3417123,497f3af5-6cb0-4b44-bb81-82e26ff4b8a7,2,2,A,False,2026-04-27T07:57:37.527913+00:00
c281817a-e5bf-4330-80da-f6146f95878d,497f3af5-6cb0-4b44-bb81-82e26ff4b8a7,2,3,C,True,2026-04-27T07:57:37.723488+00:00
5f7ad5d3-b07c-4fb0-8999-431ff0baefe5,797b4863-17de-4adf-a23c-bda119333a92,1,1,B,True,2026-04-27T08:10:02.678258+00:00
6b299e50-f93c-4e1e-a22f-d91aca4d0b59,797b4863-17de-4adf-a23c-bda119333a92,1,2,B,True,2026-04-27T08:10:02.88838+00:00
6d29cce3-6b3b-4ac7-827e-198d04a8465a,797b4863-17de-4adf-a23c-bda119333a92,1,3,C,True,2026-04-27T08:10:03.090556+00:00
f07862ae-9a6c-4417-9d33-5ba93f392d2f,a1ec9b19-9af5-43ec-9c24-cb0a1823665e,1,1,B,True,2026-04-27T08:43:39.550461+00:00
0576182b-b76a-4cbd-ad4b-151648bbcc75,a1ec9b19-9af5-43ec-9c24-cb0a1823665e,1,2,C,False,2026-04-27T08:43:39.78884+00:00
2c91bd74-0850-4b62-b1e6-a1c5a668535b,a1ec9b19-9af5-43ec-9c24-cb0a1823665e,1,3,B,False,2026-04-27T08:43:39.9922+00:00
4bcc236d-6810-450d-94b9-321ccd22ced3,5bce58c9-ae20-4ff8-b7e4-f8be5635ba9f,1,1,B,True,2026-04-27T08:46:48.473189+00:00
8bfc4ffa-a98b-4118-aa0f-b163155f79ac,5bce58c9-ae20-4ff8-b7e4-f8be5635ba9f,1,2,D,False,2026-04-27T08:46:48.675946+00:00
a287a0d1-8029-4b98-95b7-59a811842d1a,5bce58c9-ae20-4ff8-b7e4-f8be5635ba9f,1,3,A,False,2026-04-27T08:46:48.885691+00:00
6cfa1024-db9a-41ec-92be-4a050cd89121,5bce58c9-ae20-4ff8-b7e4-f8be5635ba9f,2,1,B,True,2026-04-27T08:47:39.96678+00:00
8bbfc6dd-0aa2-4615-b470-f338256ff3ab,5bce58c9-ae20-4ff8-b7e4-f8be5635ba9f,2,2,B,True,2026-04-27T08:47:40.253332+00:00
b109f51e-4620-4000-8179-60c9aa53b56a,5bce58c9-ae20-4ff8-b7e4-f8be5635ba9f,2,3,C,True,2026-04-27T08:47:40.440106+00:00
21b925d4-9f75-4780-be2c-0715402b7863,a1ec9b19-9af5-43ec-9c24-cb0a1823665e,2,1,B,True,2026-04-27T08:47:46.945545+00:00
b444e6c7-73ee-49b9-8fca-cbabed448bf7,a1ec9b19-9af5-43ec-9c24-cb0a1823665e,2,2,B,True,2026-04-27T08:47:47.135805+00:00
bf8ccc31-0ca9-4ce3-a30f-9a7f41fbfe3b,a1ec9b19-9af5-43ec-9c24-cb0a1823665e,2,3,C,True,2026-04-27T08:47:47.331573+00:00
fa6d3b2d-2b7a-4b38-95e7-57583fa5ec35,514aeef9-a7d6-4f02-a031-cdfcda174733,1,1,B,True,2026-04-27T08:56:56.515498+00:00
b018c9e6-afd0-4412-a134-74e6cba8cc3d,514aeef9-a7d6-4f02-a031-cdfcda174733,1,2,D,False,2026-04-27T08:56:56.847947+00:00
49356507-349b-4801-bf4a-fdbc072627db,514aeef9-a7d6-4f02-a031-cdfcda174733,1,3,A,False,2026-04-27T08:56:57.073884+00:00
438082bc-9d2c-497b-b073-6d2e1b309d0f,514aeef9-a7d6-4f02-a031-cdfcda174733,2,1,B,True,2026-04-27T08:57:17.544659+00:00
5d9c23fe-446a-4163-8dbb-b2d615f064ad,514aeef9-a7d6-4f02-a031-cdfcda174733,2,2,B,True,2026-04-27T08:57:17.736386+00:00
c108d7d6-015b-4daa-806b-956179f4e911,514aeef9-a7d6-4f02-a031-cdfcda174733,2,3,D,False,2026-04-27T08:57:17.932221+00:00
5f88f946-e92f-4193-8b17-f25e5de52f12,d9a5aa1b-1b75-4ca3-8593-307969d43201,1,1,B,True,2026-04-27T08:58:55.72001+00:00
9d92ccf3-c8bb-435b-b28a-ed403bd21211,d9a5aa1b-1b75-4ca3-8593-307969d43201,1,2,C,False,2026-04-27T08:58:55.92593+00:00
66778555-d9dc-43b7-8286-bb590ec908b7,d9a5aa1b-1b75-4ca3-8593-307969d43201,1,3,B,False,2026-04-27T08:58:56.129819+00:00
48ae95c8-36e1-4f36-b629-433918a1644b,f51c575c-4b65-47b8-ac56-6ef2eabc4e82,1,1,B,True,2026-04-27T08:59:24.629491+00:00
88252c56-7302-4077-8d9c-2fea035803bb,f51c575c-4b65-47b8-ac56-6ef2eabc4e82,1,2,B,True,2026-04-27T08:59:24.826984+00:00
67cde45c-cb31-4c19-b981-83ccfd631f33,f51c575c-4b65-47b8-ac56-6ef2eabc4e82,1,3,C,True,2026-04-27T08:59:25.05296+00:00
4e39d9b3-def6-4b48-bd81-c81089f5e3d6,d9a5aa1b-1b75-4ca3-8593-307969d43201,2,1,B,True,2026-04-27T09:00:38.27318+00:00
b7212cb0-1c50-4cdb-bf6a-2b81221cc1e1,d9a5aa1b-1b75-4ca3-8593-307969d43201,2,2,B,True,2026-04-27T09:00:38.466259+00:00
50670fe2-f496-4ef5-b664-8046d0fbe576,d9a5aa1b-1b75-4ca3-8593-307969d43201,2,3,C,True,2026-04-27T09:00:38.654832+00:00
eaae2e6a-fcc3-40b5-8d05-0185a431aa8e,a170c580-77c1-44de-994d-0ea312198bdc,1,1,B,True,2026-04-27T09:03:54.338462+00:00
a5a4b82e-db9a-4b81-a28d-7f9187b38cd3,a170c580-77c1-44de-994d-0ea312198bdc,1,2,D,False,2026-04-27T09:03:54.555559+00:00
c9726b87-44bf-4ef1-b33f-2355af69dc73,a170c580-77c1-44de-994d-0ea312198bdc,1,3,B,False,2026-04-27T09:03:54.752467+00:00
3629af84-bbca-4575-95aa-f5d213928048,a170c580-77c1-44de-994d-0ea312198bdc,2,1,B,True,2026-04-27T09:04:49.178446+00:00
980c79f2-b565-4c7f-bedd-77ca1bf15166,a170c580-77c1-44de-994d-0ea312198bdc,2,2,D,False,2026-04-27T09:04:49.420546+00:00
818d274a-953f-4cb2-b23b-a56d42e958e8,a170c580-77c1-44de-994d-0ea312198bdc,2,3,A,False,2026-04-27T09:04:49.622434+00:00
02410afb-c943-4d7e-b2c0-58b07d70cd27,6ad25990-60b9-499b-90e9-5bd61968e25e,1,1,B,True,2026-04-27T10:15:16.275654+00:00
de6f03c9-0782-424b-b518-c3b3defb74eb,6ad25990-60b9-499b-90e9-5bd61968e25e,1,2,B,True,2026-04-27T10:15:16.471682+00:00
9b28ccb7-6562-4845-bdb8-1ce8e95119c8,6ad25990-60b9-499b-90e9-5bd61968e25e,1,3,C,True,2026-04-27T10:15:16.673375+00:00
004d9146-720d-42f4-936b-3f99d1e00ae9,84432ad4-2ee7-46b1-b99c-977abc73dd5c,1,1,B,True,2026-04-27T10:53:16.822641+00:00
3634f42b-deb0-433f-ad02-ffdb2fe9e74e,84432ad4-2ee7-46b1-b99c-977abc73dd5c,1,2,B,True,2026-04-27T10:53:18.245881+00:00
5730b4a9-8491-47bd-ad32-aaf84d2c1500,84432ad4-2ee7-46b1-b99c-977abc73dd5c,1,3,B,False,2026-04-27T10:53:19.124486+00:00
221d4c39-6f86-4473-90a5-c46869bcbdde,6f72bec3-c951-46ef-bf7e-60c451495f34,1,1,B,True,2026-04-27T12:35:05.547616+00:00
d1f2e265-f70b-4b33-9674-d0c18e99307a,6f72bec3-c951-46ef-bf7e-60c451495f34,1,2,B,True,2026-04-27T12:35:05.861991+00:00
e2612c02-1587-44cd-b234-5b46ba7ff33e,6f72bec3-c951-46ef-bf7e-60c451495f34,1,3,C,True,2026-04-27T12:35:06.077555+00:00
36b641f8-c156-4b3a-85e7-4ab141ba4f65,b6029113-d267-47fd-a083-246bbcaa980a,1,1,B,True,2026-04-27T12:39:34.610155+00:00
f9ff9037-2e68-49a4-8280-9d743efc2423,b6029113-d267-47fd-a083-246bbcaa980a,1,2,B,True,2026-04-27T12:39:34.828231+00:00
8920622a-f5f6-4435-bb0c-b8299c2dacaa,b6029113-d267-47fd-a083-246bbcaa980a,1,3,C,True,2026-04-27T12:39:35.038167+00:00
4c6a722e-56d6-435f-933f-87e7d42e0cf2,5ab05454-93a7-4cf0-8261-17cfe16bb436,1,1,B,True,2026-04-27T13:23:22.57826+00:00
ca5c4672-a31f-46ee-89d0-7160d87961f8,5ab05454-93a7-4cf0-8261-17cfe16bb436,1,2,B,True,2026-04-27T13:23:22.809385+00:00
cff8f428-636a-44ec-8b7b-c2ff640dbb46,5ab05454-93a7-4cf0-8261-17cfe16bb436,1,3,C,True,2026-04-27T13:23:23.044794+00:00
e7c20543-5e80-41ef-a530-322c45e52371,6341edae-070c-4be4-8a47-cc7aca67777c,1,1,B,True,2026-04-27T14:06:58.148099+00:00
a43a8fab-0511-4ece-a166-0a2f84134e8c,6341edae-070c-4be4-8a47-cc7aca67777c,1,2,B,True,2026-04-27T14:06:58.394218+00:00
437400cb-76fb-4ce8-b964-2a06b2d9971e,6341edae-070c-4be4-8a47-cc7aca67777c,1,3,C,True,2026-04-27T14:06:58.641262+00:00
05219163-7f8e-450f-b982-85f67bc2d98f,df6fab4a-12b4-46af-b550-de3103bc2a4a,1,1,B,True,2026-04-27T15:15:16.306901+00:00
5a1f2967-6275-4cec-a067-233e78155c22,df6fab4a-12b4-46af-b550-de3103bc2a4a,1,2,B,True,2026-04-27T15:15:16.521719+00:00
c332146f-6d3f-47d1-bda0-9233306e1400,df6fab4a-12b4-46af-b550-de3103bc2a4a,1,3,C,True,2026-04-27T15:15:16.725845+00:00
77412557-d10c-40bc-bef1-88a4a7337390,7e0e0ba7-0a0e-4340-86fd-11fe31400d58,1,1,B,True,2026-04-27T15:20:49.420412+00:00
86108d50-d313-4aa1-ac0b-2db20f6e2b62,7e0e0ba7-0a0e-4340-86fd-11fe31400d58,1,2,B,True,2026-04-27T15:20:49.65795+00:00
8f369c0b-a1b9-4907-9dbd-a1e00444c00d,7e0e0ba7-0a0e-4340-86fd-11fe31400d58,1,3,C,True,2026-04-27T15:20:49.917819+00:00
c22fafd3-b761-431f-b540-7be08be90c15,4e955ad8-2dac-4d5b-8359-bc4ec54e7d24,1,1,B,True,2026-04-27T17:00:23.09259+00:00
df552cbc-f09a-483f-956c-6543a1e038b1,4e955ad8-2dac-4d5b-8359-bc4ec54e7d24,1,2,B,True,2026-04-27T17:00:23.328891+00:00
2650ac06-0b94-4a74-b96f-a5f6a836fbea,4e955ad8-2dac-4d5b-8359-bc4ec54e7d24,1,3,C,True,2026-04-27T17:00:23.588437+00:00
bc0b99bf-4ecd-4707-8663-6b5afd18c314,e7381441-4d44-42e3-a0e6-2a97b01f3c79,1,1,B,True,2026-04-27T17:37:32.509347+00:00
f4426a5c-2435-49bd-a95f-c68c218a635c,e7381441-4d44-42e3-a0e6-2a97b01f3c79,1,2,B,True,2026-04-27T17:37:32.72538+00:00
7791ffb5-9224-4625-a78b-7217d2f386c7,e7381441-4d44-42e3-a0e6-2a97b01f3c79,1,3,C,True,2026-04-27T17:37:32.932886+00:00
2a446bad-412b-4248-bb76-f7530ba75f1d,ac2ed014-7513-442a-a09a-8752e44b6128,1,1,B,True,2026-04-27T17:43:12.328859+00:00
493c5eee-a6a6-41cb-89e4-783278240b99,ac2ed014-7513-442a-a09a-8752e44b6128,1,2,B,True,2026-04-27T17:43:12.539951+00:00
6b933538-08d1-46e4-bacb-9bb839874c4b,ac2ed014-7513-442a-a09a-8752e44b6128,1,3,C,True,2026-04-27T17:43:12.75922+00:00
32a6c64b-389b-42d9-bbb4-1955ab81ea29,d65b4891-8184-47b2-947f-e3dd11fde976,1,1,B,True,2026-04-27T17:47:30.497667+00:00
38335070-237b-449a-aa1e-d75af092cede,d65b4891-8184-47b2-947f-e3dd11fde976,1,2,B,True,2026-04-27T17:47:30.701519+00:00
bbbc5f26-024a-4039-a312-edae06f19843,d65b4891-8184-47b2-947f-e3dd11fde976,1,3,C,True,2026-04-27T17:47:30.90806+00:00
2a5eb591-523a-4171-a4ad-8791e88a40ae,0bc0c741-bd71-48c0-94a3-d674e6a3e82a,1,1,B,True,2026-04-27T17:51:46.21811+00:00
5a765db3-460d-4e98-b3a1-5608b4b4da23,0bc0c741-bd71-48c0-94a3-d674e6a3e82a,1,2,B,True,2026-04-27T17:51:46.4974+00:00
d7227b4b-7610-43a5-bf8c-3da851d803e2,0bc0c741-bd71-48c0-94a3-d674e6a3e82a,1,3,C,True,2026-04-27T17:51:46.720772+00:00
86ada479-eff2-4c3f-8935-988e31e5173e,9a4a1820-d02c-4055-a430-9c650252b607,1,1,B,True,2026-04-27T17:55:48.016364+00:00
d567f540-3e35-41f4-aefa-1d951dc9ebfa,9a4a1820-d02c-4055-a430-9c650252b607,1,2,B,True,2026-04-27T17:55:48.244741+00:00
5531f66e-24bc-4846-99f1-a763915a85a4,9a4a1820-d02c-4055-a430-9c650252b607,1,3,C,True,2026-04-27T17:55:48.464115+00:00
ec7ffad0-a4e6-4f94-97bd-8ce0c318dcb0,331af187-d550-44c0-a432-7c4bf2d1834e,1,1,B,True,2026-04-27T17:59:40.277068+00:00
91f9a7ff-4236-485a-a8b6-6b687e63521b,331af187-d550-44c0-a432-7c4bf2d1834e,1,2,B,True,2026-04-27T17:59:40.506185+00:00
f3faa893-95f2-401b-8ff8-8e62ccc8448f,331af187-d550-44c0-a432-7c4bf2d1834e,1,3,C,True,2026-04-27T17:59:40.731942+00:00
1da9c95c-f60b-497b-ae66-6890e7ad3439,a0f593ae-6556-41e1-a27c-83bd8aa5fbdb,1,1,B,True,2026-04-27T18:03:35.754336+00:00
b301acc2-f91e-498a-a561-9ec3be55a745,a0f593ae-6556-41e1-a27c-83bd8aa5fbdb,1,2,B,True,2026-04-27T18:03:35.959563+00:00
f85313d8-b580-4a42-9c82-295f53d123dc,a0f593ae-6556-41e1-a27c-83bd8aa5fbdb,1,3,C,True,2026-04-27T18:03:36.169343+00:00
c217fe9c-3c37-428b-a24a-5c978faacfbd,de297195-d743-48e0-a0f3-eb7e37e3da4d,1,1,B,True,2026-04-27T18:07:46.579515+00:00
17b649af-31f7-4181-99f1-0f60d1143c78,de297195-d743-48e0-a0f3-eb7e37e3da4d,1,2,A,False,2026-04-27T18:07:46.807289+00:00
2c488591-6a54-44ac-841a-189112754780,de297195-d743-48e0-a0f3-eb7e37e3da4d,1,3,A,False,2026-04-27T18:07:47.025944+00:00
23b0ba40-9f2f-4c14-8768-04d6e543fa25,de297195-d743-48e0-a0f3-eb7e37e3da4d,2,1,B,True,2026-04-27T18:07:52.643989+00:00
b3724ca0-902e-4e3c-8df8-982de2cdec9c,de297195-d743-48e0-a0f3-eb7e37e3da4d,2,2,B,True,2026-04-27T18:07:52.856813+00:00
c0eea1c4-550a-4ac5-bd76-4573072ccc00,de297195-d743-48e0-a0f3-eb7e37e3da4d,2,3,C,True,2026-04-27T18:07:53.082533+00:00
d23bef50-13a6-4d66-b9d2-522b2ea2432d,cc4207ea-70e8-42a9-963a-5257211b4fd4,1,1,B,True,2026-04-27T18:12:17.051698+00:00
11130a8f-3757-4d6b-ab05-08f7c2aa75c3,cc4207ea-70e8-42a9-963a-5257211b4fd4,1,2,B,True,2026-04-27T18:12:17.269999+00:00
9827f550-ed01-4eda-9b97-5b5408dad7de,cc4207ea-70e8-42a9-963a-5257211b4fd4,1,3,C,True,2026-04-27T18:12:17.474027+00:00
6e7af671-a006-4c06-9949-003e856763a3,6d767528-958e-4647-85fa-9e1373802f6e,1,1,B,True,2026-04-27T18:17:43.948298+00:00
324a8fde-0dff-4fa3-96b4-72c4cd0af4cb,6d767528-958e-4647-85fa-9e1373802f6e,1,2,B,True,2026-04-27T18:17:44.160325+00:00
6e9c909d-47f1-4c12-b3b6-8808776e9c66,6d767528-958e-4647-85fa-9e1373802f6e,1,3,C,True,2026-04-27T18:17:44.358725+00:00
65e99fef-d229-4be3-a736-8b46f6d6f954,8b0ed8bd-74ec-4a64-800f-d8770e03c0ee,1,1,B,True,2026-04-27T18:21:40.721685+00:00
025ebe9a-ab78-45c2-b4b2-3af65490d15e,8b0ed8bd-74ec-4a64-800f-d8770e03c0ee,1,2,A,False,2026-04-27T18:21:41.021852+00:00
79de662c-575d-4220-9e64-d28f6d6361d3,8b0ed8bd-74ec-4a64-800f-d8770e03c0ee,1,3,A,False,2026-04-27T18:21:41.23766+00:00
7c232c87-8897-4e5c-ae36-9dcbca62cdf9,8b0ed8bd-74ec-4a64-800f-d8770e03c0ee,2,1,B,True,2026-04-27T18:21:50.559366+00:00
503632f2-d7b2-4c2a-88c1-17ac2239239a,8b0ed8bd-74ec-4a64-800f-d8770e03c0ee,2,2,B,True,2026-04-27T18:21:50.770606+00:00
cd014abd-b99b-4261-915b-4280fb732ca2,8b0ed8bd-74ec-4a64-800f-d8770e03c0ee,2,3,C,True,2026-04-27T18:21:51.039838+00:00
40656942-1b77-41fb-a09f-5f28082914f3,171f4513-9cd4-4bed-a2a2-091342c0f0b7,1,1,B,True,2026-04-27T18:25:49.137156+00:00
41507e85-f652-4908-8e99-8ef40a29eb69,171f4513-9cd4-4bed-a2a2-091342c0f0b7,1,2,B,True,2026-04-27T18:25:49.370909+00:00
8fe9bece-db7b-49fb-922d-3902f3db7a7f,171f4513-9cd4-4bed-a2a2-091342c0f0b7,1,3,C,True,2026-04-27T18:25:49.58286+00:00
d6acf1fc-cf96-4bb7-9cc0-6d8121305f5a,d36bcc4d-049b-4dda-aa82-04210e3c4cbf,1,1,B,True,2026-04-27T18:29:44.073857+00:00
aa002960-3499-4a7f-a014-64f570e1c154,d36bcc4d-049b-4dda-aa82-04210e3c4cbf,1,2,B,True,2026-04-27T18:29:44.283686+00:00
fa4c7f42-8a5c-4807-bb15-b03f8c7e5b63,d36bcc4d-049b-4dda-aa82-04210e3c4cbf,1,3,C,True,2026-04-27T18:29:44.491391+00:00
aa114f88-2c34-42f1-be11-f28eccf83913,086cd83d-7554-4b44-b82f-2b6852c57cc2,1,1,B,True,2026-04-27T18:33:11.607353+00:00
ca6dd784-2c0b-4911-adcf-822b64081ef7,086cd83d-7554-4b44-b82f-2b6852c57cc2,1,2,B,True,2026-04-27T18:33:11.813439+00:00
ab49ba58-701d-4841-b4e9-e47efa6217ef,086cd83d-7554-4b44-b82f-2b6852c57cc2,1,3,C,True,2026-04-27T18:33:12.027354+00:00
28a3f96f-1a19-4c3a-9448-964191cf36b1,a44edca0-faad-4489-bd9d-658cdc349061,1,1,B,True,2026-04-27T19:12:00.53786+00:00
0da644b3-a7e7-4949-ba1b-411b76c06ffb,a44edca0-faad-4489-bd9d-658cdc349061,1,2,B,True,2026-04-27T19:12:00.773152+00:00
2fd056b6-af55-4457-970b-7e91216ee9f8,a44edca0-faad-4489-bd9d-658cdc349061,1,3,C,True,2026-04-27T19:12:00.977193+00:00
b6e95df2-cea2-4363-a13c-b553c36be8b1,dfdeb76c-2eb0-4cbe-8bf0-144a1cec2009,1,1,B,True,2026-04-27T19:18:08.76261+00:00
d1f0b293-392c-485c-b9bb-2dd102ec7770,dfdeb76c-2eb0-4cbe-8bf0-144a1cec2009,1,2,B,True,2026-04-27T19:18:08.974056+00:00
f8af0872-2312-4166-b9ee-1f6cb702e84a,dfdeb76c-2eb0-4cbe-8bf0-144a1cec2009,1,3,C,True,2026-04-27T19:18:09.179701+00:00
9f7d0dc1-86f0-49c8-90c4-d9c693f2a430,e28bef67-b5d5-4f87-a389-60c9790fa0e7,1,1,B,True,2026-04-27T19:23:24.043117+00:00
77b7de6d-ade8-47cd-ae74-c44b45e29d09,e28bef67-b5d5-4f87-a389-60c9790fa0e7,1,2,B,True,2026-04-27T19:23:24.250001+00:00
3bc0854e-0c82-4239-bd0b-02daa8aa1c3a,e28bef67-b5d5-4f87-a389-60c9790fa0e7,1,3,C,True,2026-04-27T19:23:24.455566+00:00
1b6faf0e-a953-44ef-883d-d14336d545b5,e0dbbb79-a1d0-46a9-97bc-f547fda2028f,1,1,B,True,2026-04-27T19:29:27.688452+00:00
196f9c4d-c31a-4694-8ca5-a4365d204f2b,e0dbbb79-a1d0-46a9-97bc-f547fda2028f,1,2,B,True,2026-04-27T19:29:27.904892+00:00
bd3b44ad-689d-4a4a-abfa-1f93afa4d15f,e0dbbb79-a1d0-46a9-97bc-f547fda2028f,1,3,C,True,2026-04-27T19:29:28.128256+00:00
1866aeb2-b5cc-417d-8b14-18f8a62ed4ad,b79d9139-a23f-4a79-97da-d2bec16520ef,1,1,B,True,2026-04-27T19:36:00.929604+00:00
14305ae6-b8f9-4534-8e84-58032fcda51b,b79d9139-a23f-4a79-97da-d2bec16520ef,1,2,B,True,2026-04-27T19:36:01.154626+00:00
32d1f310-c043-4b9c-b1ad-3b8f4eec4ad5,b79d9139-a23f-4a79-97da-d2bec16520ef,1,3,C,True,2026-04-27T19:36:01.384703+00:00
1ac80e93-34e8-4e58-b783-01facf9713fd,549af201-9db5-4a7a-8161-0348de878524,1,1,C,False,2026-04-27T19:44:51.472303+00:00
1c6b8fd2-74f3-4176-af7d-2ecdb1844845,549af201-9db5-4a7a-8161-0348de878524,1,2,D,False,2026-04-27T19:44:51.704854+00:00
2c70c85d-0daa-478f-82d2-4b0c7e33dba2,549af201-9db5-4a7a-8161-0348de878524,1,3,A,False,2026-04-27T19:44:51.92773+00:00
f5333417-98d8-4ed4-9bea-8b9bc76f03eb,549af201-9db5-4a7a-8161-0348de878524,2,1,C,False,2026-04-27T19:45:51.335486+00:00
d9eaea48-898b-42c5-a89f-c4d12eb8d28d,549af201-9db5-4a7a-8161-0348de878524,2,2,D,False,2026-04-27T19:45:51.552017+00:00
ff7e6285-7382-485c-8763-dacfc9d7df9a,549af201-9db5-4a7a-8161-0348de878524,2,3,A,False,2026-04-27T19:45:51.75967+00:00
1ea2ca77-800b-4103-a972-04d295aec17c,7b62acc5-89a4-4456-99e1-6cab0b6524e6,1,1,B,True,2026-04-27T20:19:43.779296+00:00
1d1e81be-11c4-4473-b0ef-33b502dfe569,7b62acc5-89a4-4456-99e1-6cab0b6524e6,1,2,B,True,2026-04-27T20:19:43.986629+00:00
19688900-123f-4d7c-9707-65226eb95505,7b62acc5-89a4-4456-99e1-6cab0b6524e6,1,3,C,True,2026-04-27T20:19:44.201848+00:00
67b315eb-55be-4826-9585-7fa7be1c3104,8c76fba5-fcd7-4226-b2ce-978854065a4b,1,1,B,True,2026-04-27T20:26:43.624484+00:00
a7d2ebf4-1ccc-4211-b7c9-237e0d9f7edd,8c76fba5-fcd7-4226-b2ce-978854065a4b,1,2,B,True,2026-04-27T20:26:43.833779+00:00
0d658ff6-4e5b-48a5-ab69-486704fcba67,8c76fba5-fcd7-4226-b2ce-978854065a4b,1,3,C,True,2026-04-27T20:26:44.027595+00:00
e6d1f33b-5c55-42c7-8b59-8d794b71019c,efe20e86-c466-492a-9b82-d8f23133587c,1,1,B,True,2026-04-27T20:34:35.559392+00:00
08a10eae-adc0-4e0f-a2bf-d1db3935f3dd,efe20e86-c466-492a-9b82-d8f23133587c,1,2,B,True,2026-04-27T20:34:35.783116+00:00
60229fa8-6274-455d-82e1-13f3698b930c,efe20e86-c466-492a-9b82-d8f23133587c,1,3,C,True,2026-04-27T20:34:36.026492+00:00
ac00d811-9361-48ab-942a-2f5554c02746,878dfa2a-963f-40a4-8a93-8f99ef152d7b,1,1,B,True,2026-04-27T20:41:05.355247+00:00
1d509874-35e8-433b-b898-526926396b66,878dfa2a-963f-40a4-8a93-8f99ef152d7b,1,2,B,True,2026-04-27T20:41:05.577054+00:00
58d50cf4-3404-49ac-861e-3e9666d08a74,878dfa2a-963f-40a4-8a93-8f99ef152d7b,1,3,C,True,2026-04-27T20:41:05.779598+00:00
e7d41615-49b6-4895-a0c3-81dec5c3a9f5,50e98990-ef4c-4ddd-a397-1f96e3a7625d,1,1,B,True,2026-04-27T21:53:44.519174+00:00
0063af0c-e3ec-480f-baac-050b78896013,50e98990-ef4c-4ddd-a397-1f96e3a7625d,1,2,B,True,2026-04-27T21:53:44.735961+00:00
c191b00c-697c-44bd-8a46-2260aad88d95,50e98990-ef4c-4ddd-a397-1f96e3a7625d,1,3,C,True,2026-04-27T21:53:44.947121+00:00
0f131b58-74e6-44e3-9c18-5cec8a5b9baa,59f562b7-b635-4d47-b33a-96773a951ab0,1,1,B,True,2026-04-28T06:06:13.981839+00:00
32a27824-c313-41c5-9f47-f60405198f5d,59f562b7-b635-4d47-b33a-96773a951ab0,1,2,B,True,2026-04-28T06:06:14.217599+00:00
33549df7-5e49-4367-9945-34b79e9f6250,59f562b7-b635-4d47-b33a-96773a951ab0,1,3,B,False,2026-04-28T06:06:14.419498+00:00
85d99e47-2971-4954-8733-fcbac9215c21,90cc6dcb-4cbd-4e9a-8a9a-15dc07029998,1,1,B,True,2026-04-28T14:03:42.529795+00:00
447b6ecb-d3a3-4542-b673-dc1d6ce0fe98,90cc6dcb-4cbd-4e9a-8a9a-15dc07029998,1,2,B,True,2026-04-28T14:03:42.806284+00:00
f0a55d1b-df48-41d5-942a-8b9b73fcdb68,90cc6dcb-4cbd-4e9a-8a9a-15dc07029998,1,3,C,True,2026-04-28T14:03:43.026864+00:00
e2c2b358-033b-4f59-91d4-b3020b90b2d5,2d885aaa-350a-460c-a25f-a2cdda5ab8d1,1,1,B,True,2026-04-28T14:08:27.231242+00:00
12d11029-7b7d-4735-8e5d-70565c357204,2d885aaa-350a-460c-a25f-a2cdda5ab8d1,1,2,B,True,2026-04-28T14:08:27.442206+00:00
529eab78-a9cf-444f-8d71-10d38fdbecc2,2d885aaa-350a-460c-a25f-a2cdda5ab8d1,1,3,C,True,2026-04-28T14:08:27.688575+00:00
1e793054-d60d-4695-a6ad-370cb3824dcc,2224fa95-8663-4e2f-90a2-4e9efc0250ae,1,1,B,True,2026-04-28T14:12:14.672861+00:00
e4e8c8c3-d6b0-4c70-b298-01677a814087,2224fa95-8663-4e2f-90a2-4e9efc0250ae,1,2,B,True,2026-04-28T14:12:14.884463+00:00
978c446b-d014-4cc6-96e6-3b03a1f7096f,2224fa95-8663-4e2f-90a2-4e9efc0250ae,1,3,C,True,2026-04-28T14:12:15.094368+00:00
a542755b-0dba-480b-875b-4a66ff292da2,e0d97759-24c9-4f5a-8425-6b1454de0a76,1,1,B,True,2026-04-28T14:18:36.032016+00:00
e8f51a07-cdef-4dae-aef7-06265f647ef2,e0d97759-24c9-4f5a-8425-6b1454de0a76,1,2,B,True,2026-04-28T14:18:36.235617+00:00
e81ebbaf-f9dd-40d3-847f-4fe17ffeb1a9,e0d97759-24c9-4f5a-8425-6b1454de0a76,1,3,C,True,2026-04-28T14:18:36.436125+00:00
72c25f9b-bc18-443f-aff9-227e677d8b17,4e18b937-0d42-4d27-93e9-6111216f15ca,1,1,B,True,2026-04-28T16:01:43.224585+00:00
e879cbcc-ae32-46c1-bcca-bb832f0a1ba4,4e18b937-0d42-4d27-93e9-6111216f15ca,1,2,B,True,2026-04-28T16:01:43.472504+00:00
a34b4a8b-4b50-4354-adea-da5094ae89aa,4e18b937-0d42-4d27-93e9-6111216f15ca,1,3,C,True,2026-04-28T16:01:43.69815+00:00
903e54db-d8ad-41a8-8260-a11ecf00407b,4e1d51ed-1707-4998-920d-1061250781c9,1,1,B,True,2026-04-28T17:26:11.431753+00:00
ba1fad92-a4af-4952-97af-c2a2387283b0,4e1d51ed-1707-4998-920d-1061250781c9,1,2,B,True,2026-04-28T17:26:11.69206+00:00
3b0c3185-6160-45c8-826f-a7eaeeed2a7d,4e1d51ed-1707-4998-920d-1061250781c9,1,3,B,False,2026-04-28T17:26:11.921182+00:00
03a60214-5260-456e-a139-57fb5086f610,41228131-4a58-4cf4-a7f1-cc61799aa770,1,1,B,True,2026-04-29T09:45:01.968609+00:00
a5d0a896-aabf-42cf-b6b6-a2bec19c925b,41228131-4a58-4cf4-a7f1-cc61799aa770,1,2,B,True,2026-04-29T09:45:02.276681+00:00
54a26e57-2969-4881-bee8-dcb67eb0cba6,41228131-4a58-4cf4-a7f1-cc61799aa770,1,3,C,True,2026-04-29T09:45:02.494073+00:00
0dbe6c05-946b-45ec-8fd1-406fd5ad8ac9,b7cbf7b0-3ef3-400d-9d90-7afaa2cf1be8,1,1,B,True,2026-04-29T10:38:30.0787+00:00
514bdf6a-6dfc-41ea-bc99-ed463cd912b3,b7cbf7b0-3ef3-400d-9d90-7afaa2cf1be8,1,2,B,True,2026-04-29T10:38:30.316534+00:00
49b4758b-c9fb-4618-9dfb-a79aef5e4f55,b7cbf7b0-3ef3-400d-9d90-7afaa2cf1be8,1,3,C,True,2026-04-29T10:38:30.541065+00:00
ff35ac94-baac-477e-9245-984fc77a01f5,8d3c4960-ae37-42cd-9aca-f8be7821bf45,1,1,B,True,2026-04-29T11:29:45.168887+00:00
c1794066-17c3-436d-b948-0f6c91ce90cf,8d3c4960-ae37-42cd-9aca-f8be7821bf45,1,2,B,True,2026-04-29T11:29:45.378784+00:00
3afa10bc-d2e3-4f67-8bae-a761fcf3e345,8d3c4960-ae37-42cd-9aca-f8be7821bf45,1,3,C,True,2026-04-29T11:29:45.582777+00:00
f9d3220b-6b5a-4e79-92d3-1ec46026cbf7,249205d5-2f1f-4551-af12-3b3b0b1872fe,1,1,B,True,2026-04-29T12:25:42.894415+00:00
2e9b0a94-bef8-4bb0-bb2e-883d1cdae6c2,249205d5-2f1f-4551-af12-3b3b0b1872fe,1,2,B,True,2026-04-29T12:25:43.190316+00:00
8f078e79-bbef-4d77-ada8-18d4be42ee3e,249205d5-2f1f-4551-af12-3b3b0b1872fe,1,3,C,True,2026-04-29T12:25:43.425493+00:00
118ecfa4-cd9c-4c4f-9817-0189738f72f9,cc3443b6-ef48-4025-a108-740b2c015d97,1,1,B,True,2026-04-29T20:28:37.983449+00:00
437b6a6e-4524-41fc-8ebc-524d12716aaf,cc3443b6-ef48-4025-a108-740b2c015d97,1,2,B,True,2026-04-29T20:28:38.222263+00:00
a009d01c-0f54-41ac-9624-868eb739edae,3e534300-d94c-4868-90b3-05fc94e693ce,1,1,B,True,2026-04-29T20:28:38.436885+00:00
13a44ff5-daf4-486d-8c1b-2dde1dc40123,cc3443b6-ef48-4025-a108-740b2c015d97,1,3,C,True,2026-04-29T20:28:38.671277+00:00
f56861bd-a894-4e10-99f0-a54415170a48,3e534300-d94c-4868-90b3-05fc94e693ce,1,2,B,True,2026-04-29T20:28:38.894844+00:00
1026a6eb-06c4-44a7-ac47-672fd48be6fe,3e534300-d94c-4868-90b3-05fc94e693ce,1,3,C,True,2026-04-29T20:28:39.351957+00:00
8316aa53-9048-4daf-becb-42aa340e4f81,c82d5424-d47c-4d15-b563-d06fed701969,1,1,B,True,2026-04-29T20:36:58.445892+00:00
d56eee12-1e3c-497d-a7c6-f231b32b367b,c82d5424-d47c-4d15-b563-d06fed701969,1,2,B,True,2026-04-29T20:36:58.649345+00:00
930585e9-e676-47df-ab59-5324988709d8,c82d5424-d47c-4d15-b563-d06fed701969,1,3,C,True,2026-04-29T20:36:58.86884+00:00
4d407ae6-0272-40d3-beb4-e5405cb5383c,acb4fb9a-43d2-4dd7-9207-04a99b9e9793,1,1,B,True,2026-04-29T20:37:03.716644+00:00
8f99135d-4878-4c09-b5fa-46251c743386,acb4fb9a-43d2-4dd7-9207-04a99b9e9793,1,2,B,True,2026-04-29T20:37:03.918945+00:00
31d128d7-0da9-47fe-9a07-a0c7d01fcc74,acb4fb9a-43d2-4dd7-9207-04a99b9e9793,1,3,C,True,2026-04-29T20:37:04.135038+00:00
74e020e1-d762-42aa-ba89-b150ad10ed98,024c1263-22a0-43eb-adae-db5a3fbd8cdf,1,1,B,True,2026-04-29T20:43:08.847416+00:00
8e4ed89a-8487-465f-b19b-c846bd6a93c9,024c1263-22a0-43eb-adae-db5a3fbd8cdf,1,2,B,True,2026-04-29T20:43:09.050431+00:00
78878f6f-11e8-4429-99fe-2ae2326d9548,024c1263-22a0-43eb-adae-db5a3fbd8cdf,1,3,C,True,2026-04-29T20:43:09.240745+00:00
